Order_ID,Customer_ID,Order_Date,Product_ID,Product_Name,Category,Quantity,Unit_Price,Total_Amount,Payment_Method,Order_Status
ORD-10001,CUST-1026,2023-11-02,PROD-112,Leather Laptop Backpack,Accessories,3,85.5,256.5,PayPal,Delivered
ORD-10002,CUST-1105,2023-09-23,PROD-111,Running Shoes Pro,Apparel,5,110.0,550.0,Bank Transfer,Cancelled
ORD-10003,CUST-1031,2023-10-30,PROD-102,Ergonomic Office Chair,Furniture,2,249.5,499.0,Bank Transfer,Delivered
ORD-10004,CUST-1575,2023-12-17,PROD-104,Stainless Steel Water Bottle,Home & Kitchen,5,24.99,124.95,PayPal,Delivered
ORD-10005,CUST-1285,2024-02-26,PROD-101,Wireless Noise-Canceling Headphones,Electronics,2,199.99,399.98,Apple Pay,Shipped
ORD-10006,CUST-1160,2023-09-27,PROD-104,Stainless Steel Water Bottle,Home & Kitchen,3,24.99,74.97,Credit Card,Shipped
ORD-10007,CUST-1368,2023-11-07,PROD-106,Standing Desk Converter,Furniture,5,179.99,899.95,Credit Card,Shipped
ORD-10008,CUST-1550,2023-09-21,PROD-102,Ergonomic Office Chair,Furniture,4,249.5,998.0,Bank Transfer,Processing
ORD-10009,CUST-1644,2024-01-26,PROD-110,Espresso Coffee Machine,Home & Kitchen,3,299.99,899.97,PayPal,Delivered
ORD-10010,CUST-1047,2024-03-16,PROD-111,Running Shoes Pro,Apparel,2,110.0,220.0,Debit Card,Delivered
ORD-10011,CUST-9015,2023-11-11,PROD-102,Ergonomic Office Chair,Furniture,4,249.5,998.0,Apple Pay,Shipped
ORD-10012,CUST-1374,2023-11-30,PROD-103,Mechanical Gaming Keyboard,Electronics,3,89.99,269.97,PayPal,Returned
ORD-10013,CUST-1719,2024-02-03,PROD-111,Running Shoes Pro,Apparel,1,110.0,110.0,PayPal,Processing
ORD-10014,CUST-1251,2023-12-07,PROD-103,Mechanical Gaming Keyboard,Electronics,4,89.99,359.96,Debit Card,Shipped
ORD-10015,CUST-9041,2023-10-27,PROD-112,Leather Laptop Backpack,Accessories,5,85.5,427.5,Debit Card,Shipped
ORD-10016,CUST-1795,2024-03-29,PROD-101,Wireless Noise-Canceling Headphones,Electronics,2,199.99,399.98,Credit Card,Shipped
ORD-10017,CUST-1411,2023-10-25,PROD-105,4K Ultra HD Monitor 27-inch,Electronics,1,329.0,329.0,Bank Transfer,Shipped
ORD-10018,CUST-1323,2023-12-11,PROD-104,Stainless Steel Water Bottle,Home & Kitchen,4,24.99,99.96,Apple Pay,Delivered
ORD-10019,CUST-1143,2024-01-16,PROD-104,Stainless Steel Water Bottle,Home & Kitchen,5,24.99,124.95,Debit Card,Delivered
ORD-10020,CUST-1439,2023-12-02,PROD-110,Espresso Coffee Machine,Home & Kitchen,4,299.99,1199.96,PayPal,Shipped
ORD-10021,CUST-9009,2023-09-24,PROD-109,Portable Bluetooth Speaker,Electronics,4,59.99,239.96,Credit Card,Delivered
ORD-10022,CUST-1157,2024-03-21,PROD-111,Running Shoes Pro,Apparel,2,110.0,220.0,Apple Pay,Shipped
ORD-10023,CUST-1395,2023-12-29,PROD-107,Organic Cotton Bed Sheets Set,Home & Kitchen,5,75.0,375.0,Bank Transfer,Shipped
ORD-10024,CUST-1567,2024-02-22,PROD-101,Wireless Noise-Canceling Headphones,Electronics,1,199.99,199.99,Bank Transfer,Delivered
ORD-10025,CUST-1788,2023-09-29,PROD-111,Running Shoes Pro,Apparel,3,110.0,330.0,Debit Card,Delivered
ORD-10026,CUST-1465,2024-01-07,PROD-101,Wireless Noise-Canceling Headphones,Electronics,3,199.99,599.97,PayPal,Delivered
ORD-10027,CUST-1109,2024-02-11,PROD-111,Running Shoes Pro,Apparel,3,110.0,330.0,Bank Transfer,Shipped
ORD-10028,CUST-1157,2024-01-17,PROD-106,Standing Desk Converter,Furniture,2,179.99,359.98,Bank Transfer,Delivered
ORD-10029,CUST-9039,2023-09-05,PROD-106,Standing Desk Converter,Furniture,4,179.99,719.96,Credit Card,Delivered
ORD-10030,CUST-9020,2023-11-01,PROD-104,Stainless Steel Water Bottle,Home & Kitchen,1,24.99,24.99,Bank Transfer,Shipped
ORD-10031,CUST-9006,2024-03-27,PROD-112,Leather Laptop Backpack,Accessories,4,85.5,342.0,Credit Card,Delivered
ORD-10032,CUST-9035,2024-02-16,PROD-103,Mechanical Gaming Keyboard,Electronics,2,89.99,179.98,Apple Pay,Shipped
ORD-10033,CUST-9011,2024-02-03,PROD-105,4K Ultra HD Monitor 27-inch,Electronics,5,329.0,1645.0,Apple Pay,Shipped
ORD-10034,CUST-9035,2024-03-01,PROD-112,Leather Laptop Backpack,Accessories,2,85.5,171.0,Debit Card,Cancelled
ORD-10035,CUST-1688,2023-12-22,PROD-111,Running Shoes Pro,Apparel,3,110.0,330.0,Bank Transfer,Returned
ORD-10036,CUST-1254,2023-11-26,PROD-104,Stainless Steel Water Bottle,Home & Kitchen,1,24.99,24.99,Credit Card,Processing
ORD-10037,CUST-1236,2023-09-02,PROD-110,Espresso Coffee Machine,Home & Kitchen,2,299.99,599.98,Credit Card,Shipped
ORD-10038,CUST-1061,2023-09-09,PROD-104,Stainless Steel Water Bottle,Home & Kitchen,1,24.99,24.99,Debit Card,Shipped
ORD-10039,CUST-1244,2023-10-25,PROD-105,4K Ultra HD Monitor 27-inch,Electronics,4,329.0,1316.0,Bank Transfer,Delivered
ORD-10040,CUST-1958,2023-12-31,PROD-110,Espresso Coffee Machine,Home & Kitchen,5,299.99,1499.95,PayPal,Delivered
ORD-10041,CUST-1827,2023-09-25,PROD-107,Organic Cotton Bed Sheets Set,Home & Kitchen,2,75.0,150.0,Credit Card,Shipped
ORD-10042,CUST-1363,2023-12-29,PROD-107,Organic Cotton Bed Sheets Set,Home & Kitchen,4,75.0,300.0,Credit Card,Delivered
ORD-10043,CUST-1662,2023-12-13,PROD-102,Ergonomic Office Chair,Furniture,1,249.5,249.5,Debit Card,Shipped
ORD-10044,CUST-1112,2023-10-19,PROD-104,Stainless Steel Water Bottle,Home & Kitchen,2,24.99,49.98,Bank Transfer,Cancelled
ORD-10045,CUST-1433,2023-12-28,PROD-103,Mechanical Gaming Keyboard,Electronics,3,89.99,269.97,PayPal,Shipped
ORD-10046,CUST-1078,2023-09-26,PROD-108,Fitness Smartwatch v2,Wearables,5,149.95,749.75,Credit Card,Delivered
ORD-10047,CUST-1554,2024-03-11,PROD-101,Wireless Noise-Canceling Headphones,Electronics,1,199.99,199.99,PayPal,Shipped
ORD-10048,CUST-1498,2023-12-12,PROD-108,Fitness Smartwatch v2,Wearables,2,149.95,299.9,Credit Card,Delivered
ORD-10049,CUST-1003,2024-03-19,PROD-107,Organic Cotton Bed Sheets Set,Home & Kitchen,3,75.0,225.0,Apple Pay,Delivered
ORD-10050,CUST-1714,2024-02-17,PROD-112,Leather Laptop Backpack,Accessories,5,85.5,427.5,Apple Pay,Shipped
ORD-10051,CUST-1304,2024-01-27,PROD-104,Stainless Steel Water Bottle,Home & Kitchen,1,24.99,24.99,Bank Transfer,Returned
ORD-10052,CUST-1322,2024-01-28,PROD-101,Wireless Noise-Canceling Headphones,Electronics,1,199.99,199.99,Apple Pay,Delivered
ORD-10053,CUST-1874,2023-09-15,PROD-109,Portable Bluetooth Speaker,Electronics,2,59.99,119.98,Bank Transfer,Cancelled
ORD-10054,CUST-1191,2023-09-18,PROD-102,Ergonomic Office Chair,Furniture,5,249.5,1247.5,PayPal,Processing
ORD-10055,CUST-1965,2024-01-27,PROD-110,Espresso Coffee Machine,Home & Kitchen,2,299.99,599.98,Bank Transfer,Delivered
ORD-10056,CUST-1084,2024-01-23,PROD-107,Organic Cotton Bed Sheets Set,Home & Kitchen,5,75.0,375.0,Bank Transfer,Cancelled
ORD-10057,CUST-1268,2023-11-01,PROD-104,Stainless Steel Water Bottle,Home & Kitchen,3,24.99,74.97,Debit Card,Shipped
ORD-10058,CUST-1688,2023-12-27,PROD-111,Running Shoes Pro,Apparel,3,110.0,330.0,Debit Card,Shipped
ORD-10059,CUST-9005,2024-02-07,PROD-101,Wireless Noise-Canceling Headphones,Electronics,4,199.99,799.96,Bank Transfer,Shipped
ORD-10060,CUST-9005,2024-01-08,PROD-109,Portable Bluetooth Speaker,Electronics,2,59.99,119.98,Debit Card,Shipped
ORD-10061,CUST-1358,2023-12-04,PROD-102,Ergonomic Office Chair,Furniture,2,249.5,499.0,Debit Card,Delivered
ORD-10062,CUST-1854,2024-02-04,PROD-109,Portable Bluetooth Speaker,Electronics,3,59.99,179.97,Bank Transfer,Shipped
ORD-10063,CUST-1837,2024-02-17,PROD-109,Portable Bluetooth Speaker,Electronics,3,59.99,179.97,Credit Card,Processing
ORD-10064,CUST-9009,2023-09-28,PROD-105,4K Ultra HD Monitor 27-inch,Electronics,1,329.0,329.0,Bank Transfer,Delivered
ORD-10065,CUST-1289,2024-03-02,PROD-110,Espresso Coffee Machine,Home & Kitchen,2,299.99,599.98,Debit Card,Shipped
ORD-10066,CUST-1650,2024-01-04,PROD-105,4K Ultra HD Monitor 27-inch,Electronics,5,329.0,1645.0,Debit Card,Delivered
ORD-10067,CUST-9004,2024-03-31,PROD-102,Ergonomic Office Chair,Furniture,4,249.5,998.0,Debit Card,Shipped
ORD-10068,CUST-1342,2023-10-12,PROD-103,Mechanical Gaming Keyboard,Electronics,3,89.99,269.97,Apple Pay,Processing
ORD-10069,CUST-1438,2023-09-29,PROD-109,Portable Bluetooth Speaker,Electronics,1,59.99,59.99,Credit Card,Shipped
ORD-10070,CUST-9045,2023-09-10,PROD-103,Mechanical Gaming Keyboard,Electronics,5,89.99,449.95,Debit Card,Returned
ORD-10071,CUST-1152,2023-09-11,PROD-107,Organic Cotton Bed Sheets Set,Home & Kitchen,2,75.0,150.0,Debit Card,Delivered
ORD-10072,CUST-1956,2023-10-24,PROD-101,Wireless Noise-Canceling Headphones,Electronics,3,199.99,599.97,PayPal,Shipped
ORD-10073,CUST-1363,2024-02-06,PROD-109,Portable Bluetooth Speaker,Electronics,4,59.99,239.96,PayPal,Shipped
ORD-10074,CUST-9016,2023-12-15,PROD-103,Mechanical Gaming Keyboard,Electronics,2,89.99,179.98,Credit Card,Processing
ORD-10075,CUST-1947,2024-03-24,PROD-106,Standing Desk Converter,Furniture,4,179.99,719.96,PayPal,Delivered
ORD-10076,CUST-1807,2023-12-07,PROD-112,Leather Laptop Backpack,Accessories,1,85.5,85.5,Credit Card,Delivered
ORD-10077,CUST-1228,2023-11-29,PROD-104,Stainless Steel Water Bottle,Home & Kitchen,4,24.99,99.96,Debit Card,Delivered
ORD-10078,CUST-1893,2023-09-07,PROD-104,Stainless Steel Water Bottle,Home & Kitchen,2,24.99,49.98,PayPal,Shipped
ORD-10079,CUST-1286,2023-11-29,PROD-102,Ergonomic Office Chair,Furniture,3,249.5,748.5,Bank Transfer,Delivered
ORD-10080,CUST-1864,2023-09-08,PROD-109,Portable Bluetooth Speaker,Electronics,3,59.99,179.97,Credit Card,Shipped
ORD-10081,CUST-1268,2023-11-07,PROD-103,Mechanical Gaming Keyboard,Electronics,5,89.99,449.95,Credit Card,Processing
ORD-10082,CUST-1445,2023-12-21,PROD-106,Standing Desk Converter,Furniture,3,179.99,539.97,Bank Transfer,Delivered
ORD-10083,CUST-9008,2023-10-19,PROD-107,Organic Cotton Bed Sheets Set,Home & Kitchen,5,75.0,375.0,Debit Card,Shipped
ORD-10084,CUST-1447,2024-03-25,PROD-101,Wireless Noise-Canceling Headphones,Electronics,5,199.99,999.95,Bank Transfer,Shipped
ORD-10085,CUST-1963,2023-12-03,PROD-112,Leather Laptop Backpack,Accessories,2,85.5,171.0,Apple Pay,Shipped
ORD-10086,CUST-1681,2023-11-20,PROD-106,Standing Desk Converter,Furniture,5,179.99,899.95,Credit Card,Shipped
ORD-10087,CUST-1308,2024-02-18,PROD-109,Portable Bluetooth Speaker,Electronics,3,59.99,179.97,Apple Pay,Delivered
ORD-10088,CUST-1714,2023-10-03,PROD-105,4K Ultra HD Monitor 27-inch,Electronics,5,329.0,1645.0,PayPal,Delivered
ORD-10089,CUST-1963,2024-02-05,PROD-107,Organic Cotton Bed Sheets Set,Home & Kitchen,2,75.0,150.0,Bank Transfer,Processing
ORD-10090,CUST-1562,2023-11-13,PROD-101,Wireless Noise-Canceling Headphones,Electronics,3,199.99,599.97,PayPal,Delivered
ORD-10091,CUST-1594,2023-12-29,PROD-110,Espresso Coffee Machine,Home & Kitchen,3,299.99,899.97,Apple Pay,Shipped
ORD-10092,CUST-1219,2024-03-22,PROD-109,Portable Bluetooth Speaker,Electronics,4,59.99,239.96,PayPal,Delivered
ORD-10093,CUST-1291,2023-11-25,PROD-109,Portable Bluetooth Speaker,Electronics,5,59.99,299.95,Credit Card,Delivered
ORD-10094,CUST-1770,2023-10-28,PROD-104,Stainless Steel Water Bottle,Home & Kitchen,3,24.99,74.97,PayPal,Delivered
ORD-10095,CUST-1048,2024-02-04,PROD-104,Stainless Steel Water Bottle,Home & Kitchen,4,24.99,99.96,Credit Card,Delivered
ORD-10096,CUST-1908,2023-10-20,PROD-111,Running Shoes Pro,Apparel,5,110.0,550.0,Apple Pay,Delivered
ORD-10097,CUST-1250,2024-03-11,PROD-103,Mechanical Gaming Keyboard,Electronics,1,89.99,89.99,Credit Card,Delivered
ORD-10098,CUST-1225,2023-12-28,PROD-103,Mechanical Gaming Keyboard,Electronics,5,89.99,449.95,Credit Card,Delivered
ORD-10099,CUST-1940,2023-10-05,PROD-102,Ergonomic Office Chair,Furniture,4,249.5,998.0,Apple Pay,Shipped
ORD-10100,CUST-1573,2024-03-12,PROD-110,Espresso Coffee Machine,Home & Kitchen,3,299.99,899.97,Apple Pay,Shipped
ORD-10101,CUST-1737,2024-03-31,PROD-109,Portable Bluetooth Speaker,Electronics,4,59.99,239.96,Bank Transfer,Shipped
ORD-10102,CUST-1163,2023-12-25,PROD-112,Leather Laptop Backpack,Accessories,4,85.5,342.0,Debit Card,Delivered
ORD-10103,CUST-1861,2024-03-15,PROD-111,Running Shoes Pro,Apparel,3,110.0,330.0,Bank Transfer,Shipped
ORD-10104,CUST-1245,2023-09-20,PROD-105,4K Ultra HD Monitor 27-inch,Electronics,4,329.0,1316.0,Debit Card,Delivered
ORD-10105,CUST-1344,2023-09-21,PROD-106,Standing Desk Converter,Furniture,5,179.99,899.95,PayPal,Cancelled
ORD-10106,CUST-1393,2024-02-28,PROD-112,Leather Laptop Backpack,Accessories,2,85.5,171.0,PayPal,Shipped
ORD-10107,CUST-1418,2023-12-29,PROD-106,Standing Desk Converter,Furniture,5,179.99,899.95,Apple Pay,Delivered
ORD-10108,CUST-1853,2024-03-16,PROD-107,Organic Cotton Bed Sheets Set,Home & Kitchen,4,75.0,300.0,Bank Transfer,Delivered
ORD-10109,CUST-9002,2024-01-01,PROD-110,Espresso Coffee Machine,Home & Kitchen,4,299.99,1199.96,Credit Card,Shipped
ORD-10110,CUST-9020,2024-01-16,PROD-107,Organic Cotton Bed Sheets Set,Home & Kitchen,4,75.0,300.0,Bank Transfer,Shipped
ORD-10111,CUST-1920,2023-10-27,PROD-104,Stainless Steel Water Bottle,Home & Kitchen,4,24.99,99.96,Debit Card,Shipped
ORD-10112,CUST-1030,2024-02-19,PROD-107,Organic Cotton Bed Sheets Set,Home & Kitchen,3,75.0,225.0,Apple Pay,Shipped
ORD-10113,CUST-1861,2024-02-07,PROD-108,Fitness Smartwatch v2,Wearables,2,149.95,299.9,Bank Transfer,Cancelled
ORD-10114,CUST-1404,2024-02-17,PROD-110,Espresso Coffee Machine,Home & Kitchen,5,299.99,1499.95,Credit Card,Processing
ORD-10115,CUST-1439,2023-10-17,PROD-103,Mechanical Gaming Keyboard,Electronics,4,89.99,359.96,Credit Card,Delivered
ORD-10116,CUST-1336,2023-11-23,PROD-104,Stainless Steel Water Bottle,Home & Kitchen,4,24.99,99.96,Debit Card,Processing
ORD-10117,CUST-1389,2023-11-04,PROD-105,4K Ultra HD Monitor 27-inch,Electronics,4,329.0,1316.0,Credit Card,Processing
ORD-10118,CUST-1768,2023-11-29,PROD-109,Portable Bluetooth Speaker,Electronics,1,59.99,59.99,PayPal,Shipped
ORD-10119,CUST-1800,2024-03-12,PROD-111,Running Shoes Pro,Apparel,1,110.0,110.0,Credit Card,Processing
ORD-10120,CUST-9013,2023-10-10,PROD-101,Wireless Noise-Canceling Headphones,Electronics,5,199.99,999.95,PayPal,Delivered
ORD-10121,CUST-1686,2023-10-26,PROD-102,Ergonomic Office Chair,Furniture,5,249.5,1247.5,Apple Pay,Processing
ORD-10122,CUST-1786,2024-02-03,PROD-106,Standing Desk Converter,Furniture,2,179.99,359.98,Bank Transfer,Processing
ORD-10123,CUST-9046,2023-11-19,PROD-102,Ergonomic Office Chair,Furniture,2,249.5,499.0,Credit Card,Shipped
ORD-10124,CUST-1952,2024-02-21,PROD-105,4K Ultra HD Monitor 27-inch,Electronics,5,329.0,1645.0,Apple Pay,Shipped
ORD-10125,CUST-1733,2024-01-30,PROD-104,Stainless Steel Water Bottle,Home & Kitchen,1,24.99,24.99,PayPal,Shipped
ORD-10126,CUST-1792,2024-03-25,PROD-105,4K Ultra HD Monitor 27-inch,Electronics,5,329.0,1645.0,Credit Card,Delivered
ORD-10127,CUST-1580,2024-01-15,PROD-101,Wireless Noise-Canceling Headphones,Electronics,3,199.99,599.97,Apple Pay,Processing
ORD-10128,CUST-1071,2023-09-04,PROD-109,Portable Bluetooth Speaker,Electronics,3,59.99,179.97,Apple Pay,Processing
ORD-10129,CUST-1109,2024-02-10,PROD-107,Organic Cotton Bed Sheets Set,Home & Kitchen,3,75.0,225.0,Apple Pay,Shipped
ORD-10130,CUST-1446,2024-02-14,PROD-103,Mechanical Gaming Keyboard,Electronics,5,89.99,449.95,Debit Card,Delivered
ORD-10131,CUST-1942,2023-12-29,PROD-109,Portable Bluetooth Speaker,Electronics,4,59.99,239.96,Apple Pay,Delivered
ORD-10132,CUST-1607,2023-11-02,PROD-105,4K Ultra HD Monitor 27-inch,Electronics,3,329.0,987.0,Credit Card,Shipped
ORD-10133,CUST-1462,2024-01-24,PROD-104,Stainless Steel Water Bottle,Home & Kitchen,4,24.99,99.96,Bank Transfer,Shipped
ORD-10134,CUST-1345,2023-11-23,PROD-101,Wireless Noise-Canceling Headphones,Electronics,4,199.99,799.96,PayPal,Shipped
ORD-10135,CUST-1364,2023-11-11,PROD-105,4K Ultra HD Monitor 27-inch,Electronics,3,329.0,987.0,Bank Transfer,Cancelled
ORD-10136,CUST-1283,2024-01-11,PROD-109,Portable Bluetooth Speaker,Electronics,1,59.99,59.99,PayPal,Shipped
ORD-10137,CUST-1738,2024-01-21,PROD-107,Organic Cotton Bed Sheets Set,Home & Kitchen,4,75.0,300.0,PayPal,Delivered
ORD-10138,CUST-1662,2023-12-24,PROD-112,Leather Laptop Backpack,Accessories,4,85.5,342.0,Credit Card,Delivered
ORD-10139,CUST-1227,2023-11-18,PROD-107,Organic Cotton Bed Sheets Set,Home & Kitchen,2,75.0,150.0,Bank Transfer,Delivered
ORD-10140,CUST-1567,2023-12-18,PROD-109,Portable Bluetooth Speaker,Electronics,3,59.99,179.97,Bank Transfer,Returned
ORD-10141,CUST-1720,2023-11-18,PROD-108,Fitness Smartwatch v2,Wearables,3,149.95,449.85,Debit Card,Returned
ORD-10142,CUST-1739,2023-10-01,PROD-104,Stainless Steel Water Bottle,Home & Kitchen,3,24.99,74.97,Bank Transfer,Shipped
ORD-10143,CUST-9045,2023-10-26,PROD-103,Mechanical Gaming Keyboard,Electronics,2,89.99,179.98,Apple Pay,Delivered
ORD-10144,CUST-1604,2023-11-12,PROD-109,Portable Bluetooth Speaker,Electronics,5,59.99,299.95,Credit Card,Shipped
ORD-10145,CUST-1304,2023-10-16,PROD-104,Stainless Steel Water Bottle,Home & Kitchen,3,24.99,74.97,Debit Card,Shipped
ORD-10146,CUST-1547,2023-09-12,PROD-103,Mechanical Gaming Keyboard,Electronics,3,89.99,269.97,Credit Card,Shipped
ORD-10147,CUST-1715,2023-09-27,PROD-103,Mechanical Gaming Keyboard,Electronics,4,89.99,359.96,Credit Card,Delivered
ORD-10148,CUST-1481,2023-11-27,PROD-108,Fitness Smartwatch v2,Wearables,4,149.95,599.8,PayPal,Delivered
ORD-10149,CUST-9017,2024-03-29,PROD-108,Fitness Smartwatch v2,Wearables,1,149.95,149.95,Credit Card,Shipped
ORD-10150,CUST-1076,2023-10-09,PROD-110,Espresso Coffee Machine,Home & Kitchen,1,299.99,299.99,PayPal,Shipped
ORD-10151,CUST-1972,2023-11-03,PROD-105,4K Ultra HD Monitor 27-inch,Electronics,1,329.0,329.0,Credit Card,Cancelled
ORD-10152,CUST-1427,2024-03-21,PROD-110,Espresso Coffee Machine,Home & Kitchen,5,299.99,1499.95,Bank Transfer,Shipped
ORD-10153,CUST-1536,2023-12-23,PROD-107,Organic Cotton Bed Sheets Set,Home & Kitchen,4,75.0,300.0,Debit Card,Shipped
ORD-10154,CUST-1440,2024-02-06,PROD-105,4K Ultra HD Monitor 27-inch,Electronics,5,329.0,1645.0,Credit Card,Delivered
ORD-10155,CUST-1758,2024-02-08,PROD-102,Ergonomic Office Chair,Furniture,2,249.5,499.0,PayPal,Returned
ORD-10156,CUST-1084,2023-10-15,PROD-103,Mechanical Gaming Keyboard,Electronics,2,89.99,179.98,Bank Transfer,Shipped
ORD-10157,CUST-1003,2024-02-24,PROD-107,Organic Cotton Bed Sheets Set,Home & Kitchen,4,75.0,300.0,Bank Transfer,Delivered
ORD-10158,CUST-1034,2024-02-28,PROD-104,Stainless Steel Water Bottle,Home & Kitchen,3,24.99,74.97,Debit Card,Delivered
ORD-10159,CUST-1465,2023-11-07,PROD-102,Ergonomic Office Chair,Furniture,2,249.5,499.0,Bank Transfer,Shipped
ORD-10160,CUST-1957,2023-09-30,PROD-104,Stainless Steel Water Bottle,Home & Kitchen,4,24.99,99.96,Bank Transfer,Delivered
ORD-10161,CUST-1153,2023-09-19,PROD-105,4K Ultra HD Monitor 27-inch,Electronics,2,329.0,658.0,Credit Card,Delivered
ORD-10162,CUST-1315,2023-11-13,PROD-110,Espresso Coffee Machine,Home & Kitchen,5,299.99,1499.95,Apple Pay,Delivered
ORD-10163,CUST-1706,2023-11-09,PROD-105,4K Ultra HD Monitor 27-inch,Electronics,4,329.0,1316.0,Bank Transfer,Delivered
ORD-10164,CUST-1449,2023-09-11,PROD-102,Ergonomic Office Chair,Furniture,5,249.5,1247.5,Apple Pay,Delivered
ORD-10165,CUST-1619,2023-09-24,PROD-105,4K Ultra HD Monitor 27-inch,Electronics,1,329.0,329.0,PayPal,Shipped
ORD-10166,CUST-9037,2024-03-14,PROD-110,Espresso Coffee Machine,Home & Kitchen,1,299.99,299.99,Debit Card,Processing
ORD-10167,CUST-1782,2024-01-11,PROD-103,Mechanical Gaming Keyboard,Electronics,4,89.99,359.96,Apple Pay,Shipped
ORD-10168,CUST-9012,2024-02-10,PROD-110,Espresso Coffee Machine,Home & Kitchen,4,299.99,1199.96,Apple Pay,Shipped
ORD-10169,CUST-9031,2023-11-25,PROD-106,Standing Desk Converter,Furniture,4,179.99,719.96,Debit Card,Shipped
ORD-10170,CUST-1879,2023-12-15,PROD-103,Mechanical Gaming Keyboard,Electronics,3,89.99,269.97,Apple Pay,Delivered
ORD-10171,CUST-1968,2023-09-10,PROD-107,Organic Cotton Bed Sheets Set,Home & Kitchen,5,75.0,375.0,Apple Pay,Delivered
ORD-10172,CUST-1259,2024-03-16,PROD-106,Standing Desk Converter,Furniture,1,179.99,179.99,Apple Pay,Shipped
ORD-10173,CUST-1845,2023-12-28,PROD-101,Wireless Noise-Canceling Headphones,Electronics,5,199.99,999.95,Apple Pay,Delivered
ORD-10174,CUST-1531,2024-03-12,PROD-106,Standing Desk Converter,Furniture,5,179.99,899.95,Apple Pay,Shipped
ORD-10175,CUST-1779,2023-11-08,PROD-101,Wireless Noise-Canceling Headphones,Electronics,2,199.99,399.98,Bank Transfer,Delivered
ORD-10176,CUST-1295,2023-10-02,PROD-108,Fitness Smartwatch v2,Wearables,4,149.95,599.8,Credit Card,Shipped
ORD-10177,CUST-9039,2023-11-19,PROD-104,Stainless Steel Water Bottle,Home & Kitchen,2,24.99,49.98,Bank Transfer,Delivered
ORD-10178,CUST-1418,2023-09-30,PROD-102,Ergonomic Office Chair,Furniture,2,249.5,499.0,Apple Pay,Delivered
ORD-10179,CUST-9042,2024-03-02,PROD-103,Mechanical Gaming Keyboard,Electronics,4,89.99,359.96,Debit Card,Cancelled
ORD-10180,CUST-1280,2023-12-30,PROD-107,Organic Cotton Bed Sheets Set,Home & Kitchen,4,75.0,300.0,PayPal,Shipped
ORD-10181,CUST-1149,2024-02-01,PROD-107,Organic Cotton Bed Sheets Set,Home & Kitchen,2,75.0,150.0,Bank Transfer,Shipped
ORD-10182,CUST-1140,2024-03-16,PROD-102,Ergonomic Office Chair,Furniture,3,249.5,748.5,Apple Pay,Shipped
ORD-10183,CUST-1807,2024-03-29,PROD-109,Portable Bluetooth Speaker,Electronics,3,59.99,179.97,Credit Card,Cancelled
ORD-10184,CUST-1306,2024-02-16,PROD-110,Espresso Coffee Machine,Home & Kitchen,5,299.99,1499.95,Apple Pay,Processing
ORD-10185,CUST-1458,2023-11-28,PROD-109,Portable Bluetooth Speaker,Electronics,4,59.99,239.96,Debit Card,Shipped
ORD-10186,CUST-1557,2023-11-22,PROD-107,Organic Cotton Bed Sheets Set,Home & Kitchen,4,75.0,300.0,PayPal,Delivered
ORD-10187,CUST-9016,2023-10-30,PROD-110,Espresso Coffee Machine,Home & Kitchen,4,299.99,1199.96,Apple Pay,Processing
ORD-10188,CUST-1763,2023-12-08,PROD-108,Fitness Smartwatch v2,Wearables,4,149.95,599.8,PayPal,Delivered
ORD-10189,CUST-1038,2024-01-30,PROD-103,Mechanical Gaming Keyboard,Electronics,5,89.99,449.95,Debit Card,Delivered
ORD-10190,CUST-1896,2024-01-13,PROD-108,Fitness Smartwatch v2,Wearables,1,149.95,149.95,Apple Pay,Shipped
ORD-10191,CUST-1148,2023-09-20,PROD-107,Organic Cotton Bed Sheets Set,Home & Kitchen,2,75.0,150.0,Apple Pay,Shipped
ORD-10192,CUST-1272,2024-02-25,PROD-106,Standing Desk Converter,Furniture,5,179.99,899.95,Apple Pay,Processing
ORD-10193,CUST-1873,2023-12-07,PROD-106,Standing Desk Converter,Furniture,5,179.99,899.95,Debit Card,Cancelled
ORD-10194,CUST-1909,2023-09-10,PROD-108,Fitness Smartwatch v2,Wearables,5,149.95,749.75,Bank Transfer,Delivered
ORD-10195,CUST-1647,2023-10-29,PROD-111,Running Shoes Pro,Apparel,3,110.0,330.0,Credit Card,Shipped
ORD-10196,CUST-1101,2023-12-23,PROD-111,Running Shoes Pro,Apparel,1,110.0,110.0,PayPal,Shipped
ORD-10197,CUST-1926,2023-11-23,PROD-101,Wireless Noise-Canceling Headphones,Electronics,1,199.99,199.99,Credit Card,Delivered
ORD-10198,CUST-1384,2023-11-02,PROD-107,Organic Cotton Bed Sheets Set,Home & Kitchen,2,75.0,150.0,Bank Transfer,Processing
ORD-10199,CUST-1699,2023-10-15,PROD-103,Mechanical Gaming Keyboard,Electronics,2,89.99,179.98,Credit Card,Processing
ORD-10200,CUST-1392,2024-01-06,PROD-110,Espresso Coffee Machine,Home & Kitchen,2,299.99,599.98,Bank Transfer,Delivered
ORD-10201,CUST-1473,2023-12-27,PROD-111,Running Shoes Pro,Apparel,3,110.0,330.0,Debit Card,Delivered
ORD-10202,CUST-1921,2024-02-21,PROD-108,Fitness Smartwatch v2,Wearables,3,149.95,449.85,Bank Transfer,Shipped
ORD-10203,CUST-1453,2023-11-16,PROD-106,Standing Desk Converter,Furniture,5,179.99,899.95,Apple Pay,Shipped
ORD-10204,CUST-1468,2023-12-08,PROD-105,4K Ultra HD Monitor 27-inch,Electronics,2,329.0,658.0,Apple Pay,Processing
ORD-10205,CUST-1391,2024-01-26,PROD-110,Espresso Coffee Machine,Home & Kitchen,3,299.99,899.97,Debit Card,Delivered
ORD-10206,CUST-9019,2023-11-10,PROD-101,Wireless Noise-Canceling Headphones,Electronics,4,199.99,799.96,Credit Card,Shipped
ORD-10207,CUST-1703,2024-02-03,PROD-112,Leather Laptop Backpack,Accessories,1,85.5,85.5,Apple Pay,Shipped
ORD-10208,CUST-1925,2024-02-03,PROD-105,4K Ultra HD Monitor 27-inch,Electronics,2,329.0,658.0,Debit Card,Delivered
ORD-10209,CUST-1195,2024-02-21,PROD-110,Espresso Coffee Machine,Home & Kitchen,3,299.99,899.97,PayPal,Shipped
ORD-10210,CUST-1926,2023-11-19,PROD-111,Running Shoes Pro,Apparel,1,110.0,110.0,Apple Pay,Shipped
ORD-10211,CUST-1374,2023-09-24,PROD-112,Leather Laptop Backpack,Accessories,2,85.5,171.0,Debit Card,Delivered
ORD-10212,CUST-1426,2023-10-04,PROD-103,Mechanical Gaming Keyboard,Electronics,2,89.99,179.98,Bank Transfer,Delivered
ORD-10213,CUST-1375,2023-11-09,PROD-109,Portable Bluetooth Speaker,Electronics,5,59.99,299.95,PayPal,Delivered
ORD-10214,CUST-1845,2024-03-10,PROD-108,Fitness Smartwatch v2,Wearables,3,149.95,449.85,Debit Card,Shipped
ORD-10215,CUST-1480,2024-03-12,PROD-102,Ergonomic Office Chair,Furniture,2,249.5,499.0,PayPal,Delivered
ORD-10216,CUST-1742,2024-03-24,PROD-111,Running Shoes Pro,Apparel,4,110.0,440.0,Bank Transfer,Shipped
ORD-10217,CUST-1810,2023-11-07,PROD-107,Organic Cotton Bed Sheets Set,Home & Kitchen,1,75.0,75.0,Bank Transfer,Shipped
ORD-10218,CUST-1378,2024-01-28,PROD-111,Running Shoes Pro,Apparel,3,110.0,330.0,Apple Pay,Delivered
ORD-10219,CUST-1963,2024-02-20,PROD-106,Standing Desk Converter,Furniture,1,179.99,179.99,PayPal,Delivered
ORD-10220,CUST-1635,2024-02-04,PROD-109,Portable Bluetooth Speaker,Electronics,3,59.99,179.97,PayPal,Processing
ORD-10221,CUST-1651,2024-02-14,PROD-108,Fitness Smartwatch v2,Wearables,3,149.95,449.85,Apple Pay,Delivered
ORD-10222,CUST-1047,2024-01-05,PROD-101,Wireless Noise-Canceling Headphones,Electronics,3,199.99,599.97,Credit Card,Delivered
ORD-10223,CUST-1909,2023-12-09,PROD-109,Portable Bluetooth Speaker,Electronics,2,59.99,119.98,Apple Pay,Shipped
ORD-10224,CUST-1973,2023-12-17,PROD-112,Leather Laptop Backpack,Accessories,5,85.5,427.5,Bank Transfer,Delivered
ORD-10225,CUST-1159,2024-01-04,PROD-107,Organic Cotton Bed Sheets Set,Home & Kitchen,1,75.0,75.0,Bank Transfer,Shipped
ORD-10226,CUST-1975,2024-02-24,PROD-105,4K Ultra HD Monitor 27-inch,Electronics,1,329.0,329.0,Debit Card,Shipped
ORD-10227,CUST-1456,2023-09-26,PROD-104,Stainless Steel Water Bottle,Home & Kitchen,3,24.99,74.97,Debit Card,Returned
ORD-10228,CUST-1661,2023-12-11,PROD-106,Standing Desk Converter,Furniture,1,179.99,179.99,Debit Card,Delivered
ORD-10229,CUST-1126,2024-02-17,PROD-108,Fitness Smartwatch v2,Wearables,1,149.95,149.95,PayPal,Processing
ORD-10230,CUST-1612,2024-03-20,PROD-101,Wireless Noise-Canceling Headphones,Electronics,1,199.99,199.99,Debit Card,Delivered
ORD-10231,CUST-1129,2023-09-18,PROD-110,Espresso Coffee Machine,Home & Kitchen,2,299.99,599.98,Bank Transfer,Delivered
ORD-10232,CUST-1222,2024-03-17,PROD-104,Stainless Steel Water Bottle,Home & Kitchen,3,24.99,74.97,PayPal,Delivered
ORD-10233,CUST-1611,2023-10-08,PROD-101,Wireless Noise-Canceling Headphones,Electronics,3,199.99,599.97,PayPal,Delivered
ORD-10234,CUST-1818,2024-02-17,PROD-103,Mechanical Gaming Keyboard,Electronics,1,89.99,89.99,Credit Card,Delivered
ORD-10235,CUST-1367,2023-11-22,PROD-104,Stainless Steel Water Bottle,Home & Kitchen,5,24.99,124.95,Credit Card,Shipped
ORD-10236,CUST-1054,2024-01-13,PROD-103,Mechanical Gaming Keyboard,Electronics,4,89.99,359.96,Credit Card,Delivered
ORD-10237,CUST-1488,2024-01-10,PROD-108,Fitness Smartwatch v2,Wearables,3,149.95,449.85,Bank Transfer,Shipped
ORD-10238,CUST-1516,2023-09-12,PROD-104,Stainless Steel Water Bottle,Home & Kitchen,5,24.99,124.95,Bank Transfer,Shipped
ORD-10239,CUST-1659,2024-01-01,PROD-101,Wireless Noise-Canceling Headphones,Electronics,1,199.99,199.99,Apple Pay,Delivered
ORD-10240,CUST-1111,2023-09-19,PROD-108,Fitness Smartwatch v2,Wearables,4,149.95,599.8,Credit Card,Shipped
ORD-10241,CUST-1152,2023-11-10,PROD-102,Ergonomic Office Chair,Furniture,2,249.5,499.0,Bank Transfer,Cancelled
ORD-10242,CUST-1562,2023-12-07,PROD-112,Leather Laptop Backpack,Accessories,3,85.5,256.5,Bank Transfer,Cancelled
ORD-10243,CUST-1465,2023-12-20,PROD-109,Portable Bluetooth Speaker,Electronics,5,59.99,299.95,Credit Card,Cancelled
ORD-10244,CUST-1118,2024-03-03,PROD-111,Running Shoes Pro,Apparel,5,110.0,550.0,PayPal,Delivered
ORD-10245,CUST-1910,2023-11-26,PROD-104,Stainless Steel Water Bottle,Home & Kitchen,4,24.99,99.96,Apple Pay,Shipped
ORD-10246,CUST-1748,2023-12-19,PROD-102,Ergonomic Office Chair,Furniture,3,249.5,748.5,Debit Card,Cancelled
ORD-10247,CUST-1384,2023-09-18,PROD-103,Mechanical Gaming Keyboard,Electronics,4,89.99,359.96,Credit Card,Delivered
ORD-10248,CUST-1096,2024-03-09,PROD-107,Organic Cotton Bed Sheets Set,Home & Kitchen,1,75.0,75.0,Debit Card,Returned
ORD-10249,CUST-1570,2024-01-22,PROD-101,Wireless Noise-Canceling Headphones,Electronics,5,199.99,999.95,Bank Transfer,Returned
ORD-10250,CUST-1126,2024-02-18,PROD-107,Organic Cotton Bed Sheets Set,Home & Kitchen,3,75.0,225.0,Apple Pay,Processing
ORD-10251,CUST-1739,2024-02-01,PROD-101,Wireless Noise-Canceling Headphones,Electronics,3,199.99,599.97,Debit Card,Shipped
ORD-10252,CUST-1592,2023-10-10,PROD-109,Portable Bluetooth Speaker,Electronics,2,59.99,119.98,Apple Pay,Delivered
ORD-10253,CUST-1111,2023-12-04,PROD-106,Standing Desk Converter,Furniture,5,179.99,899.95,Credit Card,Processing
ORD-10254,CUST-1588,2024-01-22,PROD-104,Stainless Steel Water Bottle,Home & Kitchen,4,24.99,99.96,Bank Transfer,Shipped
ORD-10255,CUST-1659,2024-02-03,PROD-109,Portable Bluetooth Speaker,Electronics,1,59.99,59.99,Debit Card,Shipped
ORD-10256,CUST-1280,2023-11-26,PROD-112,Leather Laptop Backpack,Accessories,3,85.5,256.5,Debit Card,Delivered
ORD-10257,CUST-1891,2024-02-16,PROD-103,Mechanical Gaming Keyboard,Electronics,5,89.99,449.95,Apple Pay,Cancelled
ORD-10258,CUST-1759,2023-09-24,PROD-111,Running Shoes Pro,Apparel,1,110.0,110.0,Bank Transfer,Delivered
ORD-10259,CUST-1430,2023-10-11,PROD-108,Fitness Smartwatch v2,Wearables,3,149.95,449.85,Debit Card,Delivered
ORD-10260,CUST-1333,2023-09-22,PROD-110,Espresso Coffee Machine,Home & Kitchen,5,299.99,1499.95,Credit Card,Shipped
ORD-10261,CUST-1773,2024-02-20,PROD-110,Espresso Coffee Machine,Home & Kitchen,1,299.99,299.99,Credit Card,Delivered
ORD-10262,CUST-1678,2024-02-03,PROD-107,Organic Cotton Bed Sheets Set,Home & Kitchen,4,75.0,300.0,Apple Pay,Returned
ORD-10263,CUST-1221,2023-11-28,PROD-109,Portable Bluetooth Speaker,Electronics,1,59.99,59.99,Apple Pay,Shipped
ORD-10264,CUST-1695,2024-01-03,PROD-111,Running Shoes Pro,Apparel,5,110.0,550.0,Bank Transfer,Delivered
ORD-10265,CUST-1047,2024-02-01,PROD-104,Stainless Steel Water Bottle,Home & Kitchen,4,24.99,99.96,Credit Card,Processing
ORD-10266,CUST-1309,2024-03-14,PROD-104,Stainless Steel Water Bottle,Home & Kitchen,2,24.99,49.98,Debit Card,Delivered
ORD-10267,CUST-1123,2024-03-10,PROD-101,Wireless Noise-Canceling Headphones,Electronics,4,199.99,799.96,Apple Pay,Delivered
ORD-10268,CUST-1390,2024-01-07,PROD-109,Portable Bluetooth Speaker,Electronics,2,59.99,119.98,Bank Transfer,Delivered
ORD-10269,CUST-1826,2023-12-11,PROD-106,Standing Desk Converter,Furniture,1,179.99,179.99,Credit Card,Delivered
ORD-10270,CUST-1471,2024-01-26,PROD-102,Ergonomic Office Chair,Furniture,3,249.5,748.5,Apple Pay,Shipped
ORD-10271,CUST-1727,2023-11-14,PROD-111,Running Shoes Pro,Apparel,4,110.0,440.0,Credit Card,Processing
ORD-10272,CUST-1990,2024-03-24,PROD-106,Standing Desk Converter,Furniture,2,179.99,359.98,Bank Transfer,Processing
ORD-10273,CUST-1707,2023-12-21,PROD-106,Standing Desk Converter,Furniture,1,179.99,179.99,Credit Card,Processing
ORD-10274,CUST-1604,2023-09-21,PROD-107,Organic Cotton Bed Sheets Set,Home & Kitchen,5,75.0,375.0,Apple Pay,Cancelled
ORD-10275,CUST-1764,2023-11-25,PROD-106,Standing Desk Converter,Furniture,2,179.99,359.98,PayPal,Delivered
ORD-10276,CUST-1649,2024-01-09,PROD-102,Ergonomic Office Chair,Furniture,5,249.5,1247.5,PayPal,Delivered
ORD-10277,CUST-9023,2023-10-31,PROD-106,Standing Desk Converter,Furniture,2,179.99,359.98,Credit Card,Delivered
ORD-10278,CUST-1203,2023-10-10,PROD-103,Mechanical Gaming Keyboard,Electronics,5,89.99,449.95,Credit Card,Delivered
ORD-10279,CUST-1792,2023-12-28,PROD-111,Running Shoes Pro,Apparel,4,110.0,440.0,Bank Transfer,Delivered
ORD-10280,CUST-1460,2024-02-12,PROD-111,Running Shoes Pro,Apparel,5,110.0,550.0,Bank Transfer,Delivered
ORD-10281,CUST-1995,2023-10-09,PROD-111,Running Shoes Pro,Apparel,3,110.0,330.0,Apple Pay,Processing
ORD-10282,CUST-1453,2024-03-22,PROD-111,Running Shoes Pro,Apparel,3,110.0,330.0,Debit Card,Shipped
ORD-10283,CUST-1361,2023-11-19,PROD-109,Portable Bluetooth Speaker,Electronics,1,59.99,59.99,Apple Pay,Delivered
ORD-10284,CUST-1059,2023-09-20,PROD-106,Standing Desk Converter,Furniture,3,179.99,539.97,Credit Card,Shipped
ORD-10285,CUST-1520,2024-01-27,PROD-107,Organic Cotton Bed Sheets Set,Home & Kitchen,4,75.0,300.0,Bank Transfer,Delivered
ORD-10286,CUST-9048,2024-03-26,PROD-101,Wireless Noise-Canceling Headphones,Electronics,4,199.99,799.96,Bank Transfer,Shipped
ORD-10287,CUST-1330,2024-01-07,PROD-110,Espresso Coffee Machine,Home & Kitchen,4,299.99,1199.96,PayPal,Delivered
ORD-10288,CUST-9029,2024-03-01,PROD-102,Ergonomic Office Chair,Furniture,3,249.5,748.5,Credit Card,Delivered
ORD-10289,CUST-1177,2024-02-29,PROD-101,Wireless Noise-Canceling Headphones,Electronics,2,199.99,399.98,Apple Pay,Shipped
ORD-10290,CUST-9034,2023-10-11,PROD-109,Portable Bluetooth Speaker,Electronics,5,59.99,299.95,Debit Card,Delivered
ORD-10291,CUST-1290,2024-03-17,PROD-107,Organic Cotton Bed Sheets Set,Home & Kitchen,4,75.0,300.0,Debit Card,Shipped
ORD-10292,CUST-1054,2023-09-17,PROD-111,Running Shoes Pro,Apparel,3,110.0,330.0,Debit Card,Shipped
ORD-10293,CUST-1695,2023-11-04,PROD-107,Organic Cotton Bed Sheets Set,Home & Kitchen,3,75.0,225.0,Bank Transfer,Processing
ORD-10294,CUST-1342,2024-02-17,PROD-102,Ergonomic Office Chair,Furniture,5,249.5,1247.5,PayPal,Delivered
ORD-10295,CUST-9020,2023-10-04,PROD-111,Running Shoes Pro,Apparel,4,110.0,440.0,Bank Transfer,Shipped
ORD-10296,CUST-1087,2023-12-06,PROD-105,4K Ultra HD Monitor 27-inch,Electronics,5,329.0,1645.0,Debit Card,Delivered
ORD-10297,CUST-1687,2023-09-24,PROD-112,Leather Laptop Backpack,Accessories,5,85.5,427.5,Apple Pay,Delivered
ORD-10298,CUST-1019,2023-10-17,PROD-106,Standing Desk Converter,Furniture,3,179.99,539.97,PayPal,Shipped
ORD-10299,CUST-1785,2023-10-28,PROD-108,Fitness Smartwatch v2,Wearables,2,149.95,299.9,PayPal,Delivered
ORD-10300,CUST-1303,2024-03-16,PROD-102,Ergonomic Office Chair,Furniture,5,249.5,1247.5,Bank Transfer,Shipped
ORD-10301,CUST-1905,2024-02-17,PROD-109,Portable Bluetooth Speaker,Electronics,1,59.99,59.99,Debit Card,Shipped
ORD-10302,CUST-1633,2023-12-06,PROD-103,Mechanical Gaming Keyboard,Electronics,5,89.99,449.95,PayPal,Delivered
ORD-10303,CUST-1852,2024-03-26,PROD-112,Leather Laptop Backpack,Accessories,5,85.5,427.5,PayPal,Delivered
ORD-10304,CUST-1045,2024-02-21,PROD-107,Organic Cotton Bed Sheets Set,Home & Kitchen,3,75.0,225.0,PayPal,Delivered
ORD-10305,CUST-9040,2023-10-30,PROD-105,4K Ultra HD Monitor 27-inch,Electronics,4,329.0,1316.0,Bank Transfer,Delivered
ORD-10306,CUST-1989,2023-12-04,PROD-108,Fitness Smartwatch v2,Wearables,2,149.95,299.9,Bank Transfer,Returned
ORD-10307,CUST-9030,2024-01-07,PROD-105,4K Ultra HD Monitor 27-inch,Electronics,4,329.0,1316.0,Bank Transfer,Delivered
ORD-10308,CUST-1166,2023-10-06,PROD-104,Stainless Steel Water Bottle,Home & Kitchen,5,24.99,124.95,Debit Card,Shipped
ORD-10309,CUST-1493,2023-09-27,PROD-106,Standing Desk Converter,Furniture,5,179.99,899.95,Bank Transfer,Delivered
ORD-10310,CUST-1292,2023-11-09,PROD-102,Ergonomic Office Chair,Furniture,2,249.5,499.0,Apple Pay,Shipped
ORD-10311,CUST-9010,2023-10-27,PROD-107,Organic Cotton Bed Sheets Set,Home & Kitchen,1,75.0,75.0,Apple Pay,Delivered
ORD-10312,CUST-1953,2023-09-14,PROD-101,Wireless Noise-Canceling Headphones,Electronics,4,199.99,799.96,Apple Pay,Shipped
ORD-10313,CUST-1242,2023-12-05,PROD-107,Organic Cotton Bed Sheets Set,Home & Kitchen,1,75.0,75.0,PayPal,Shipped
ORD-10314,CUST-1954,2024-03-21,PROD-102,Ergonomic Office Chair,Furniture,3,249.5,748.5,PayPal,Returned
ORD-10315,CUST-1294,2024-03-13,PROD-108,Fitness Smartwatch v2,Wearables,2,149.95,299.9,Apple Pay,Processing
ORD-10316,CUST-1006,2023-11-05,PROD-102,Ergonomic Office Chair,Furniture,1,249.5,249.5,PayPal,Delivered
ORD-10317,CUST-1562,2024-01-14,PROD-112,Leather Laptop Backpack,Accessories,5,85.5,427.5,Apple Pay,Delivered
ORD-10318,CUST-1296,2023-10-02,PROD-104,Stainless Steel Water Bottle,Home & Kitchen,3,24.99,74.97,Credit Card,Shipped
ORD-10319,CUST-1655,2023-09-17,PROD-110,Espresso Coffee Machine,Home & Kitchen,4,299.99,1199.96,Credit Card,Shipped
ORD-10320,CUST-1512,2023-09-05,PROD-110,Espresso Coffee Machine,Home & Kitchen,5,299.99,1499.95,Bank Transfer,Shipped
ORD-10321,CUST-1736,2023-12-19,PROD-103,Mechanical Gaming Keyboard,Electronics,3,89.99,269.97,Credit Card,Delivered
ORD-10322,CUST-1247,2023-10-18,PROD-110,Espresso Coffee Machine,Home & Kitchen,4,299.99,1199.96,Credit Card,Delivered
ORD-10323,CUST-1370,2024-01-18,PROD-102,Ergonomic Office Chair,Furniture,5,249.5,1247.5,Bank Transfer,Delivered
ORD-10324,CUST-1520,2023-12-09,PROD-109,Portable Bluetooth Speaker,Electronics,1,59.99,59.99,Apple Pay,Shipped
ORD-10325,CUST-1397,2024-03-10,PROD-106,Standing Desk Converter,Furniture,3,179.99,539.97,Credit Card,Cancelled
ORD-10326,CUST-1070,2024-03-06,PROD-106,Standing Desk Converter,Furniture,2,179.99,359.98,Credit Card,Delivered
ORD-10327,CUST-1753,2023-09-12,PROD-106,Standing Desk Converter,Furniture,2,179.99,359.98,Debit Card,Delivered
ORD-10328,CUST-1834,2024-03-31,PROD-111,Running Shoes Pro,Apparel,2,110.0,220.0,Apple Pay,Delivered
ORD-10329,CUST-9031,2024-03-26,PROD-111,Running Shoes Pro,Apparel,2,110.0,220.0,PayPal,Delivered
ORD-10330,CUST-1795,2023-11-15,PROD-108,Fitness Smartwatch v2,Wearables,1,149.95,149.95,PayPal,Shipped
ORD-10331,CUST-1205,2023-11-19,PROD-101,Wireless Noise-Canceling Headphones,Electronics,3,199.99,599.97,Bank Transfer,Delivered
ORD-10332,CUST-1835,2023-11-04,PROD-109,Portable Bluetooth Speaker,Electronics,4,59.99,239.96,Credit Card,Delivered
ORD-10333,CUST-1196,2024-03-18,PROD-105,4K Ultra HD Monitor 27-inch,Electronics,3,329.0,987.0,Credit Card,Shipped
ORD-10334,CUST-1340,2024-03-23,PROD-105,4K Ultra HD Monitor 27-inch,Electronics,1,329.0,329.0,Debit Card,Shipped
ORD-10335,CUST-1410,2023-12-08,PROD-112,Leather Laptop Backpack,Accessories,4,85.5,342.0,Debit Card,Shipped
ORD-10336,CUST-9032,2023-12-04,PROD-112,Leather Laptop Backpack,Accessories,4,85.5,342.0,Bank Transfer,Shipped
ORD-10337,CUST-1085,2023-09-21,PROD-112,Leather Laptop Backpack,Accessories,4,85.5,342.0,Apple Pay,Processing
ORD-10338,CUST-1843,2023-11-15,PROD-103,Mechanical Gaming Keyboard,Electronics,5,89.99,449.95,Debit Card,Delivered
ORD-10339,CUST-1336,2023-11-18,PROD-111,Running Shoes Pro,Apparel,3,110.0,330.0,Apple Pay,Delivered
ORD-10340,CUST-1437,2023-11-29,PROD-103,Mechanical Gaming Keyboard,Electronics,4,89.99,359.96,Apple Pay,Shipped
ORD-10341,CUST-1891,2023-12-21,PROD-106,Standing Desk Converter,Furniture,5,179.99,899.95,Debit Card,Delivered
ORD-10342,CUST-1811,2024-02-19,PROD-101,Wireless Noise-Canceling Headphones,Electronics,1,199.99,199.99,Apple Pay,Delivered
ORD-10343,CUST-1821,2023-09-08,PROD-112,Leather Laptop Backpack,Accessories,2,85.5,171.0,PayPal,Shipped
ORD-10344,CUST-1695,2023-10-03,PROD-108,Fitness Smartwatch v2,Wearables,1,149.95,149.95,Credit Card,Delivered
ORD-10345,CUST-1661,2023-12-08,PROD-106,Standing Desk Converter,Furniture,3,179.99,539.97,Bank Transfer,Delivered
ORD-10346,CUST-1158,2023-12-04,PROD-111,Running Shoes Pro,Apparel,4,110.0,440.0,Debit Card,Delivered
ORD-10347,CUST-1079,2024-01-14,PROD-110,Espresso Coffee Machine,Home & Kitchen,2,299.99,599.98,Debit Card,Delivered
ORD-10348,CUST-1666,2023-09-30,PROD-105,4K Ultra HD Monitor 27-inch,Electronics,2,329.0,658.0,Credit Card,Shipped
ORD-10349,CUST-1512,2024-01-22,PROD-109,Portable Bluetooth Speaker,Electronics,4,59.99,239.96,Credit Card,Delivered
ORD-10350,CUST-1267,2023-10-25,PROD-112,Leather Laptop Backpack,Accessories,4,85.5,342.0,Bank Transfer,Delivered
ORD-10351,CUST-1939,2023-10-02,PROD-108,Fitness Smartwatch v2,Wearables,2,149.95,299.9,PayPal,Delivered
ORD-10352,CUST-1463,2023-09-23,PROD-103,Mechanical Gaming Keyboard,Electronics,4,89.99,359.96,Debit Card,Processing
ORD-10353,CUST-1727,2024-01-17,PROD-102,Ergonomic Office Chair,Furniture,5,249.5,1247.5,Debit Card,Delivered
ORD-10354,CUST-1872,2024-03-22,PROD-103,Mechanical Gaming Keyboard,Electronics,2,89.99,179.98,Debit Card,Shipped
ORD-10355,CUST-1125,2023-10-31,PROD-104,Stainless Steel Water Bottle,Home & Kitchen,2,24.99,49.98,Apple Pay,Shipped
ORD-10356,CUST-1568,2023-12-29,PROD-110,Espresso Coffee Machine,Home & Kitchen,3,299.99,899.97,Bank Transfer,Delivered
ORD-10357,CUST-1906,2023-11-19,PROD-102,Ergonomic Office Chair,Furniture,1,249.5,249.5,Apple Pay,Shipped
ORD-10358,CUST-9047,2023-12-15,PROD-108,Fitness Smartwatch v2,Wearables,5,149.95,749.75,Apple Pay,Delivered
ORD-10359,CUST-1076,2024-02-12,PROD-103,Mechanical Gaming Keyboard,Electronics,3,89.99,269.97,Credit Card,Cancelled
ORD-10360,CUST-1697,2023-10-03,PROD-109,Portable Bluetooth Speaker,Electronics,3,59.99,179.97,Bank Transfer,Delivered
ORD-10361,CUST-1187,2024-01-07,PROD-103,Mechanical Gaming Keyboard,Electronics,4,89.99,359.96,Credit Card,Delivered
ORD-10362,CUST-1531,2023-10-13,PROD-103,Mechanical Gaming Keyboard,Electronics,3,89.99,269.97,PayPal,Delivered
ORD-10363,CUST-1727,2024-01-11,PROD-104,Stainless Steel Water Bottle,Home & Kitchen,3,24.99,74.97,Debit Card,Delivered
ORD-10364,CUST-1257,2023-11-10,PROD-104,Stainless Steel Water Bottle,Home & Kitchen,5,24.99,124.95,PayPal,Delivered
ORD-10365,CUST-1630,2024-01-07,PROD-109,Portable Bluetooth Speaker,Electronics,1,59.99,59.99,PayPal,Cancelled
ORD-10366,CUST-1595,2024-02-16,PROD-103,Mechanical Gaming Keyboard,Electronics,2,89.99,179.98,Bank Transfer,Delivered
ORD-10367,CUST-1620,2023-09-11,PROD-106,Standing Desk Converter,Furniture,5,179.99,899.95,Credit Card,Returned
ORD-10368,CUST-1972,2023-11-07,PROD-111,Running Shoes Pro,Apparel,5,110.0,550.0,PayPal,Cancelled
ORD-10369,CUST-1427,2024-01-06,PROD-110,Espresso Coffee Machine,Home & Kitchen,1,299.99,299.99,Bank Transfer,Shipped
ORD-10370,CUST-1980,2023-11-02,PROD-105,4K Ultra HD Monitor 27-inch,Electronics,4,329.0,1316.0,Apple Pay,Shipped
ORD-10371,CUST-1075,2023-10-11,PROD-112,Leather Laptop Backpack,Accessories,1,85.5,85.5,Apple Pay,Shipped
ORD-10372,CUST-1476,2024-02-03,PROD-104,Stainless Steel Water Bottle,Home & Kitchen,3,24.99,74.97,PayPal,Shipped
ORD-10373,CUST-1736,2023-12-12,PROD-106,Standing Desk Converter,Furniture,3,179.99,539.97,PayPal,Shipped
ORD-10374,CUST-1528,2023-11-21,PROD-109,Portable Bluetooth Speaker,Electronics,1,59.99,59.99,PayPal,Delivered
ORD-10375,CUST-1274,2023-10-07,PROD-108,Fitness Smartwatch v2,Wearables,2,149.95,299.9,Credit Card,Shipped
ORD-10376,CUST-1969,2023-12-17,PROD-107,Organic Cotton Bed Sheets Set,Home & Kitchen,5,75.0,375.0,PayPal,Shipped
ORD-10377,CUST-9011,2024-03-03,PROD-106,Standing Desk Converter,Furniture,5,179.99,899.95,Debit Card,Processing
ORD-10378,CUST-1164,2023-12-29,PROD-108,Fitness Smartwatch v2,Wearables,5,149.95,749.75,Apple Pay,Shipped
ORD-10379,CUST-1510,2023-12-10,PROD-101,Wireless Noise-Canceling Headphones,Electronics,1,199.99,199.99,Bank Transfer,Processing
ORD-10380,CUST-1247,2023-11-30,PROD-104,Stainless Steel Water Bottle,Home & Kitchen,5,24.99,124.95,Credit Card,Shipped
ORD-10381,CUST-1507,2023-11-13,PROD-110,Espresso Coffee Machine,Home & Kitchen,4,299.99,1199.96,Bank Transfer,Shipped
ORD-10382,CUST-1111,2023-11-07,PROD-107,Organic Cotton Bed Sheets Set,Home & Kitchen,2,75.0,150.0,Debit Card,Delivered
ORD-10383,CUST-1375,2023-09-14,PROD-101,Wireless Noise-Canceling Headphones,Electronics,4,199.99,799.96,Bank Transfer,Delivered
ORD-10384,CUST-1372,2023-09-19,PROD-109,Portable Bluetooth Speaker,Electronics,3,59.99,179.97,Apple Pay,Processing
ORD-10385,CUST-1783,2024-03-30,PROD-109,Portable Bluetooth Speaker,Electronics,3,59.99,179.97,Bank Transfer,Delivered
ORD-10386,CUST-1122,2023-12-10,PROD-103,Mechanical Gaming Keyboard,Electronics,1,89.99,89.99,Debit Card,Processing
ORD-10387,CUST-1348,2024-03-12,PROD-109,Portable Bluetooth Speaker,Electronics,3,59.99,179.97,PayPal,Shipped
ORD-10388,CUST-1522,2023-09-11,PROD-107,Organic Cotton Bed Sheets Set,Home & Kitchen,5,75.0,375.0,Credit Card,Shipped
ORD-10389,CUST-1731,2024-01-11,PROD-106,Standing Desk Converter,Furniture,4,179.99,719.96,Apple Pay,Delivered
ORD-10390,CUST-1915,2023-11-23,PROD-109,Portable Bluetooth Speaker,Electronics,2,59.99,119.98,Bank Transfer,Processing
ORD-10391,CUST-1403,2024-01-30,PROD-110,Espresso Coffee Machine,Home & Kitchen,3,299.99,899.97,Debit Card,Returned
ORD-10392,CUST-1522,2024-02-29,PROD-109,Portable Bluetooth Speaker,Electronics,4,59.99,239.96,Bank Transfer,Delivered
ORD-10393,CUST-1836,2023-11-24,PROD-101,Wireless Noise-Canceling Headphones,Electronics,3,199.99,599.97,Credit Card,Delivered
ORD-10394,CUST-9038,2024-01-31,PROD-105,4K Ultra HD Monitor 27-inch,Electronics,1,329.0,329.0,Apple Pay,Delivered
ORD-10395,CUST-1672,2023-10-29,PROD-110,Espresso Coffee Machine,Home & Kitchen,5,299.99,1499.95,Credit Card,Shipped
ORD-10396,CUST-1175,2024-03-17,PROD-109,Portable Bluetooth Speaker,Electronics,5,59.99,299.95,Apple Pay,Cancelled
ORD-10397,CUST-1698,2024-01-25,PROD-104,Stainless Steel Water Bottle,Home & Kitchen,1,24.99,24.99,Credit Card,Processing
ORD-10398,CUST-1452,2023-10-09,PROD-106,Standing Desk Converter,Furniture,4,179.99,719.96,Apple Pay,Delivered
ORD-10399,CUST-1421,2023-12-30,PROD-109,Portable Bluetooth Speaker,Electronics,5,59.99,299.95,Credit Card,Delivered
ORD-10400,CUST-1532,2023-11-23,PROD-104,Stainless Steel Water Bottle,Home & Kitchen,5,24.99,124.95,Apple Pay,Delivered
ORD-10401,CUST-1322,2024-01-15,PROD-103,Mechanical Gaming Keyboard,Electronics,4,89.99,359.96,Debit Card,Shipped
ORD-10402,CUST-1693,2024-02-04,PROD-112,Leather Laptop Backpack,Accessories,3,85.5,256.5,Apple Pay,Cancelled
ORD-10403,CUST-1253,2023-11-16,PROD-105,4K Ultra HD Monitor 27-inch,Electronics,5,329.0,1645.0,PayPal,Delivered
ORD-10404,CUST-9020,2024-02-24,PROD-105,4K Ultra HD Monitor 27-inch,Electronics,2,329.0,658.0,Apple Pay,Processing
ORD-10405,CUST-1358,2023-11-13,PROD-109,Portable Bluetooth Speaker,Electronics,3,59.99,179.97,Credit Card,Shipped
ORD-10406,CUST-1557,2024-03-28,PROD-107,Organic Cotton Bed Sheets Set,Home & Kitchen,4,75.0,300.0,Debit Card,Processing
ORD-10407,CUST-9010,2023-11-13,PROD-105,4K Ultra HD Monitor 27-inch,Electronics,1,329.0,329.0,Credit Card,Delivered
ORD-10408,CUST-1453,2024-03-10,PROD-111,Running Shoes Pro,Apparel,3,110.0,330.0,Apple Pay,Shipped
ORD-10409,CUST-1848,2024-01-22,PROD-109,Portable Bluetooth Speaker,Electronics,3,59.99,179.97,Debit Card,Cancelled
ORD-10410,CUST-1631,2023-11-01,PROD-112,Leather Laptop Backpack,Accessories,5,85.5,427.5,PayPal,Shipped
ORD-10411,CUST-1927,2024-02-11,PROD-109,Portable Bluetooth Speaker,Electronics,2,59.99,119.98,PayPal,Shipped
ORD-10412,CUST-1424,2023-09-26,PROD-106,Standing Desk Converter,Furniture,4,179.99,719.96,PayPal,Cancelled
ORD-10413,CUST-1564,2024-02-15,PROD-103,Mechanical Gaming Keyboard,Electronics,4,89.99,359.96,Apple Pay,Cancelled
ORD-10414,CUST-1205,2023-11-13,PROD-105,4K Ultra HD Monitor 27-inch,Electronics,3,329.0,987.0,Credit Card,Delivered
ORD-10415,CUST-9006,2023-10-30,PROD-111,Running Shoes Pro,Apparel,5,110.0,550.0,Bank Transfer,Delivered
ORD-10416,CUST-1871,2023-12-16,PROD-101,Wireless Noise-Canceling Headphones,Electronics,2,199.99,399.98,PayPal,Delivered
ORD-10417,CUST-9003,2023-10-18,PROD-107,Organic Cotton Bed Sheets Set,Home & Kitchen,4,75.0,300.0,Debit Card,Shipped
ORD-10418,CUST-1010,2024-02-02,PROD-105,4K Ultra HD Monitor 27-inch,Electronics,5,329.0,1645.0,Credit Card,Shipped
ORD-10419,CUST-9022,2024-02-12,PROD-105,4K Ultra HD Monitor 27-inch,Electronics,4,329.0,1316.0,Bank Transfer,Delivered
ORD-10420,CUST-1911,2023-12-29,PROD-103,Mechanical Gaming Keyboard,Electronics,5,89.99,449.95,Debit Card,Delivered
ORD-10421,CUST-1116,2024-03-06,PROD-106,Standing Desk Converter,Furniture,2,179.99,359.98,Apple Pay,Delivered
ORD-10422,CUST-1736,2024-03-07,PROD-103,Mechanical Gaming Keyboard,Electronics,1,89.99,89.99,Debit Card,Delivered
ORD-10423,CUST-1582,2023-10-15,PROD-111,Running Shoes Pro,Apparel,2,110.0,220.0,Bank Transfer,Shipped
ORD-10424,CUST-1919,2024-01-10,PROD-107,Organic Cotton Bed Sheets Set,Home & Kitchen,4,75.0,300.0,Debit Card,Delivered
ORD-10425,CUST-1686,2023-10-06,PROD-102,Ergonomic Office Chair,Furniture,2,249.5,499.0,Apple Pay,Shipped
ORD-10426,CUST-1255,2023-12-08,PROD-101,Wireless Noise-Canceling Headphones,Electronics,3,199.99,599.97,PayPal,Delivered
ORD-10427,CUST-1274,2024-01-28,PROD-106,Standing Desk Converter,Furniture,3,179.99,539.97,Bank Transfer,Delivered
ORD-10428,CUST-1670,2023-09-16,PROD-106,Standing Desk Converter,Furniture,2,179.99,359.98,Credit Card,Processing
ORD-10429,CUST-1164,2024-02-28,PROD-107,Organic Cotton Bed Sheets Set,Home & Kitchen,5,75.0,375.0,Debit Card,Delivered
ORD-10430,CUST-1655,2024-02-05,PROD-105,4K Ultra HD Monitor 27-inch,Electronics,3,329.0,987.0,PayPal,Shipped
ORD-10431,CUST-1137,2023-12-26,PROD-108,Fitness Smartwatch v2,Wearables,2,149.95,299.9,Bank Transfer,Shipped
ORD-10432,CUST-1719,2024-03-12,PROD-109,Portable Bluetooth Speaker,Electronics,4,59.99,239.96,Bank Transfer,Delivered
ORD-10433,CUST-1846,2024-02-22,PROD-104,Stainless Steel Water Bottle,Home & Kitchen,2,24.99,49.98,Bank Transfer,Delivered
ORD-10434,CUST-1084,2024-01-14,PROD-109,Portable Bluetooth Speaker,Electronics,4,59.99,239.96,Debit Card,Shipped
ORD-10435,CUST-1578,2024-03-31,PROD-102,Ergonomic Office Chair,Furniture,1,249.5,249.5,Bank Transfer,Shipped
ORD-10436,CUST-9013,2023-10-09,PROD-110,Espresso Coffee Machine,Home & Kitchen,5,299.99,1499.95,PayPal,Delivered
ORD-10437,CUST-1533,2024-02-22,PROD-108,Fitness Smartwatch v2,Wearables,1,149.95,149.95,PayPal,Shipped
ORD-10438,CUST-1501,2023-12-24,PROD-102,Ergonomic Office Chair,Furniture,5,249.5,1247.5,Credit Card,Processing
ORD-10439,CUST-1526,2024-01-23,PROD-107,Organic Cotton Bed Sheets Set,Home & Kitchen,4,75.0,300.0,Credit Card,Delivered
ORD-10440,CUST-1689,2023-12-11,PROD-105,4K Ultra HD Monitor 27-inch,Electronics,1,329.0,329.0,Debit Card,Shipped
ORD-10441,CUST-1764,2023-09-19,PROD-104,Stainless Steel Water Bottle,Home & Kitchen,5,24.99,124.95,Credit Card,Shipped
ORD-10442,CUST-1718,2023-09-16,PROD-102,Ergonomic Office Chair,Furniture,5,249.5,1247.5,Credit Card,Returned
ORD-10443,CUST-9031,2023-12-14,PROD-101,Wireless Noise-Canceling Headphones,Electronics,3,199.99,599.97,PayPal,Delivered
ORD-10444,CUST-1785,2023-12-05,PROD-111,Running Shoes Pro,Apparel,4,110.0,440.0,Apple Pay,Delivered
ORD-10445,CUST-1940,2023-09-21,PROD-107,Organic Cotton Bed Sheets Set,Home & Kitchen,4,75.0,300.0,Bank Transfer,Processing
ORD-10446,CUST-1881,2023-10-16,PROD-106,Standing Desk Converter,Furniture,1,179.99,179.99,Bank Transfer,Cancelled
ORD-10447,CUST-1131,2023-09-01,PROD-112,Leather Laptop Backpack,Accessories,2,85.5,171.0,Credit Card,Returned
ORD-10448,CUST-9030,2023-12-18,PROD-111,Running Shoes Pro,Apparel,5,110.0,550.0,Bank Transfer,Delivered
ORD-10449,CUST-1236,2023-11-28,PROD-104,Stainless Steel Water Bottle,Home & Kitchen,4,24.99,99.96,PayPal,Delivered
ORD-10450,CUST-1960,2023-09-09,PROD-112,Leather Laptop Backpack,Accessories,1,85.5,85.5,Apple Pay,Shipped
ORD-10451,CUST-1959,2023-10-23,PROD-101,Wireless Noise-Canceling Headphones,Electronics,2,199.99,399.98,Credit Card,Delivered
ORD-10452,CUST-1035,2024-02-20,PROD-108,Fitness Smartwatch v2,Wearables,5,149.95,749.75,Credit Card,Delivered
ORD-10453,CUST-1046,2023-10-30,PROD-107,Organic Cotton Bed Sheets Set,Home & Kitchen,4,75.0,300.0,Bank Transfer,Delivered
ORD-10454,CUST-1885,2024-01-07,PROD-101,Wireless Noise-Canceling Headphones,Electronics,2,199.99,399.98,Debit Card,Cancelled
ORD-10455,CUST-1939,2023-11-21,PROD-112,Leather Laptop Backpack,Accessories,5,85.5,427.5,Bank Transfer,Shipped
ORD-10456,CUST-1689,2023-11-17,PROD-106,Standing Desk Converter,Furniture,2,179.99,359.98,PayPal,Delivered
ORD-10457,CUST-9034,2023-11-16,PROD-104,Stainless Steel Water Bottle,Home & Kitchen,4,24.99,99.96,Debit Card,Shipped
ORD-10458,CUST-1972,2024-02-08,PROD-110,Espresso Coffee Machine,Home & Kitchen,2,299.99,599.98,Apple Pay,Delivered
ORD-10459,CUST-1049,2024-03-20,PROD-106,Standing Desk Converter,Furniture,4,179.99,719.96,Bank Transfer,Shipped
ORD-10460,CUST-1427,2023-11-16,PROD-107,Organic Cotton Bed Sheets Set,Home & Kitchen,2,75.0,150.0,Apple Pay,Shipped
ORD-10461,CUST-1551,2023-10-28,PROD-108,Fitness Smartwatch v2,Wearables,2,149.95,299.9,Debit Card,Shipped
ORD-10462,CUST-1148,2024-01-22,PROD-108,Fitness Smartwatch v2,Wearables,1,149.95,149.95,Apple Pay,Delivered
ORD-10463,CUST-9036,2023-12-09,PROD-109,Portable Bluetooth Speaker,Electronics,2,59.99,119.98,PayPal,Delivered
ORD-10464,CUST-1339,2023-12-25,PROD-111,Running Shoes Pro,Apparel,1,110.0,110.0,Debit Card,Delivered
ORD-10465,CUST-1742,2023-11-08,PROD-104,Stainless Steel Water Bottle,Home & Kitchen,1,24.99,24.99,Apple Pay,Returned
ORD-10466,CUST-1618,2023-10-19,PROD-101,Wireless Noise-Canceling Headphones,Electronics,1,199.99,199.99,Bank Transfer,Delivered
ORD-10467,CUST-1573,2023-10-24,PROD-104,Stainless Steel Water Bottle,Home & Kitchen,4,24.99,99.96,Debit Card,Shipped
ORD-10468,CUST-1931,2023-10-19,PROD-101,Wireless Noise-Canceling Headphones,Electronics,2,199.99,399.98,Credit Card,Processing
ORD-10469,CUST-1773,2024-02-26,PROD-108,Fitness Smartwatch v2,Wearables,2,149.95,299.9,Bank Transfer,Shipped
ORD-10470,CUST-1407,2023-11-22,PROD-104,Stainless Steel Water Bottle,Home & Kitchen,5,24.99,124.95,Debit Card,Returned
ORD-10471,CUST-1547,2023-11-18,PROD-111,Running Shoes Pro,Apparel,3,110.0,330.0,Debit Card,Shipped
ORD-10472,CUST-1904,2023-09-26,PROD-108,Fitness Smartwatch v2,Wearables,4,149.95,599.8,Apple Pay,Returned
ORD-10473,CUST-1328,2023-11-20,PROD-104,Stainless Steel Water Bottle,Home & Kitchen,3,24.99,74.97,Apple Pay,Shipped
ORD-10474,CUST-1885,2023-09-05,PROD-104,Stainless Steel Water Bottle,Home & Kitchen,2,24.99,49.98,Debit Card,Processing
ORD-10475,CUST-1599,2023-11-15,PROD-110,Espresso Coffee Machine,Home & Kitchen,4,299.99,1199.96,PayPal,Delivered
ORD-10476,CUST-1236,2023-11-02,PROD-107,Organic Cotton Bed Sheets Set,Home & Kitchen,5,75.0,375.0,Apple Pay,Returned
ORD-10477,CUST-1967,2023-11-05,PROD-111,Running Shoes Pro,Apparel,3,110.0,330.0,Apple Pay,Shipped
ORD-10478,CUST-9042,2023-12-27,PROD-112,Leather Laptop Backpack,Accessories,4,85.5,342.0,PayPal,Delivered
ORD-10479,CUST-1361,2024-03-03,PROD-103,Mechanical Gaming Keyboard,Electronics,2,89.99,179.98,Bank Transfer,Returned
ORD-10480,CUST-1939,2024-01-13,PROD-109,Portable Bluetooth Speaker,Electronics,1,59.99,59.99,Credit Card,Delivered
ORD-10481,CUST-1077,2024-03-14,PROD-111,Running Shoes Pro,Apparel,1,110.0,110.0,Credit Card,Delivered
ORD-10482,CUST-1863,2023-09-18,PROD-111,Running Shoes Pro,Apparel,2,110.0,220.0,PayPal,Delivered
ORD-10483,CUST-1518,2023-09-16,PROD-108,Fitness Smartwatch v2,Wearables,3,149.95,449.85,Bank Transfer,Delivered
ORD-10484,CUST-1957,2024-02-16,PROD-110,Espresso Coffee Machine,Home & Kitchen,4,299.99,1199.96,Apple Pay,Delivered
ORD-10485,CUST-1545,2023-09-04,PROD-109,Portable Bluetooth Speaker,Electronics,4,59.99,239.96,Credit Card,Delivered
ORD-10486,CUST-1282,2023-09-05,PROD-109,Portable Bluetooth Speaker,Electronics,3,59.99,179.97,Bank Transfer,Cancelled
ORD-10487,CUST-1691,2023-09-28,PROD-107,Organic Cotton Bed Sheets Set,Home & Kitchen,2,75.0,150.0,Credit Card,Shipped
ORD-10488,CUST-1247,2024-01-13,PROD-104,Stainless Steel Water Bottle,Home & Kitchen,5,24.99,124.95,Debit Card,Shipped
ORD-10489,CUST-1274,2023-12-05,PROD-107,Organic Cotton Bed Sheets Set,Home & Kitchen,1,75.0,75.0,Apple Pay,Cancelled
ORD-10490,CUST-1250,2023-11-16,PROD-112,Leather Laptop Backpack,Accessories,2,85.5,171.0,Credit Card,Processing
ORD-10491,CUST-1879,2023-09-24,PROD-111,Running Shoes Pro,Apparel,1,110.0,110.0,Apple Pay,Delivered
ORD-10492,CUST-1566,2024-02-11,PROD-108,Fitness Smartwatch v2,Wearables,1,149.95,149.95,Credit Card,Delivered
ORD-10493,CUST-1085,2024-02-13,PROD-108,Fitness Smartwatch v2,Wearables,4,149.95,599.8,Debit Card,Shipped
ORD-10494,CUST-1879,2023-09-11,PROD-102,Ergonomic Office Chair,Furniture,5,249.5,1247.5,PayPal,Shipped
ORD-10495,CUST-1889,2023-12-31,PROD-112,Leather Laptop Backpack,Accessories,5,85.5,427.5,Debit Card,Delivered
ORD-10496,CUST-1077,2024-01-18,PROD-111,Running Shoes Pro,Apparel,3,110.0,330.0,Bank Transfer,Delivered
ORD-10497,CUST-1184,2023-10-24,PROD-106,Standing Desk Converter,Furniture,1,179.99,179.99,Bank Transfer,Delivered
ORD-10498,CUST-1841,2023-09-20,PROD-112,Leather Laptop Backpack,Accessories,4,85.5,342.0,Debit Card,Shipped
ORD-10499,CUST-1247,2024-02-21,PROD-110,Espresso Coffee Machine,Home & Kitchen,4,299.99,1199.96,Bank Transfer,Returned
ORD-10500,CUST-1774,2024-03-21,PROD-112,Leather Laptop Backpack,Accessories,2,85.5,171.0,Credit Card,Returned
ORD-10501,CUST-1998,2023-09-26,PROD-106,Standing Desk Converter,Furniture,1,179.99,179.99,Apple Pay,Delivered
ORD-10502,CUST-1078,2024-03-15,PROD-106,Standing Desk Converter,Furniture,5,179.99,899.95,Bank Transfer,Delivered
ORD-10503,CUST-9026,2024-02-10,PROD-106,Standing Desk Converter,Furniture,1,179.99,179.99,Debit Card,Shipped
ORD-10504,CUST-1462,2023-12-01,PROD-108,Fitness Smartwatch v2,Wearables,2,149.95,299.9,Bank Transfer,Processing
ORD-10505,CUST-9028,2024-02-17,PROD-103,Mechanical Gaming Keyboard,Electronics,5,89.99,449.95,Apple Pay,Delivered
ORD-10506,CUST-1634,2024-03-01,PROD-105,4K Ultra HD Monitor 27-inch,Electronics,2,329.0,658.0,Credit Card,Shipped
ORD-10507,CUST-1158,2024-03-08,PROD-107,Organic Cotton Bed Sheets Set,Home & Kitchen,2,75.0,150.0,Apple Pay,Cancelled
ORD-10508,CUST-1110,2023-11-18,PROD-102,Ergonomic Office Chair,Furniture,1,249.5,249.5,Apple Pay,Processing
ORD-10509,CUST-1277,2023-09-23,PROD-102,Ergonomic Office Chair,Furniture,2,249.5,499.0,PayPal,Cancelled
ORD-10510,CUST-1571,2023-12-14,PROD-109,Portable Bluetooth Speaker,Electronics,5,59.99,299.95,Credit Card,Delivered
ORD-10511,CUST-1363,2024-01-31,PROD-109,Portable Bluetooth Speaker,Electronics,1,59.99,59.99,Bank Transfer,Delivered
ORD-10512,CUST-1885,2023-11-14,PROD-107,Organic Cotton Bed Sheets Set,Home & Kitchen,1,75.0,75.0,Apple Pay,Delivered
ORD-10513,CUST-1087,2023-11-02,PROD-112,Leather Laptop Backpack,Accessories,5,85.5,427.5,Bank Transfer,Cancelled
ORD-10514,CUST-1702,2023-10-06,PROD-107,Organic Cotton Bed Sheets Set,Home & Kitchen,2,75.0,150.0,Debit Card,Processing
ORD-10515,CUST-1505,2023-10-13,PROD-103,Mechanical Gaming Keyboard,Electronics,1,89.99,89.99,Apple Pay,Shipped
ORD-10516,CUST-1307,2023-12-02,PROD-108,Fitness Smartwatch v2,Wearables,1,149.95,149.95,Debit Card,Shipped
ORD-10517,CUST-9047,2024-01-31,PROD-111,Running Shoes Pro,Apparel,4,110.0,440.0,Bank Transfer,Delivered
ORD-10518,CUST-1110,2023-09-02,PROD-103,Mechanical Gaming Keyboard,Electronics,3,89.99,269.97,Apple Pay,Processing
ORD-10519,CUST-1636,2023-12-22,PROD-107,Organic Cotton Bed Sheets Set,Home & Kitchen,3,75.0,225.0,Debit Card,Returned
ORD-10520,CUST-1844,2023-10-05,PROD-111,Running Shoes Pro,Apparel,5,110.0,550.0,Debit Card,Shipped
ORD-10521,CUST-1971,2024-01-01,PROD-112,Leather Laptop Backpack,Accessories,2,85.5,171.0,Debit Card,Delivered
ORD-10522,CUST-1408,2024-03-07,PROD-106,Standing Desk Converter,Furniture,3,179.99,539.97,Apple Pay,Delivered
ORD-10523,CUST-9016,2023-11-11,PROD-106,Standing Desk Converter,Furniture,4,179.99,719.96,Apple Pay,Returned
ORD-10524,CUST-1955,2024-01-30,PROD-110,Espresso Coffee Machine,Home & Kitchen,2,299.99,599.98,Bank Transfer,Processing
ORD-10525,CUST-1787,2024-03-05,PROD-109,Portable Bluetooth Speaker,Electronics,1,59.99,59.99,Apple Pay,Processing
ORD-10526,CUST-9014,2024-03-31,PROD-108,Fitness Smartwatch v2,Wearables,3,149.95,449.85,Credit Card,Delivered
ORD-10527,CUST-1815,2023-10-06,PROD-107,Organic Cotton Bed Sheets Set,Home & Kitchen,4,75.0,300.0,Debit Card,Delivered
ORD-10528,CUST-1675,2024-03-21,PROD-103,Mechanical Gaming Keyboard,Electronics,4,89.99,359.96,Apple Pay,Shipped
ORD-10529,CUST-1613,2023-12-12,PROD-108,Fitness Smartwatch v2,Wearables,5,149.95,749.75,Bank Transfer,Shipped
ORD-10530,CUST-1943,2024-01-18,PROD-112,Leather Laptop Backpack,Accessories,4,85.5,342.0,Credit Card,Processing
ORD-10531,CUST-1369,2024-01-31,PROD-112,Leather Laptop Backpack,Accessories,5,85.5,427.5,Credit Card,Processing
ORD-10532,CUST-1255,2023-10-13,PROD-111,Running Shoes Pro,Apparel,3,110.0,330.0,Bank Transfer,Returned
ORD-10533,CUST-1661,2024-03-11,PROD-111,Running Shoes Pro,Apparel,4,110.0,440.0,Debit Card,Returned
ORD-10534,CUST-9028,2023-09-26,PROD-102,Ergonomic Office Chair,Furniture,1,249.5,249.5,Debit Card,Delivered
ORD-10535,CUST-1765,2024-01-27,PROD-109,Portable Bluetooth Speaker,Electronics,5,59.99,299.95,Bank Transfer,Delivered
ORD-10536,CUST-1384,2024-03-16,PROD-107,Organic Cotton Bed Sheets Set,Home & Kitchen,4,75.0,300.0,Bank Transfer,Cancelled
ORD-10537,CUST-1155,2024-01-02,PROD-106,Standing Desk Converter,Furniture,1,179.99,179.99,Credit Card,Processing
ORD-10538,CUST-1943,2024-03-31,PROD-102,Ergonomic Office Chair,Furniture,1,249.5,249.5,PayPal,Shipped
ORD-10539,CUST-1352,2024-01-12,PROD-108,Fitness Smartwatch v2,Wearables,2,149.95,299.9,Apple Pay,Delivered
ORD-10540,CUST-1100,2023-11-21,PROD-108,Fitness Smartwatch v2,Wearables,4,149.95,599.8,Credit Card,Shipped
ORD-10541,CUST-1830,2023-09-06,PROD-112,Leather Laptop Backpack,Accessories,1,85.5,85.5,Debit Card,Cancelled
ORD-10542,CUST-1694,2024-01-11,PROD-103,Mechanical Gaming Keyboard,Electronics,2,89.99,179.98,PayPal,Delivered
ORD-10543,CUST-1339,2023-12-28,PROD-109,Portable Bluetooth Speaker,Electronics,4,59.99,239.96,PayPal,Shipped
ORD-10544,CUST-1645,2024-02-11,PROD-103,Mechanical Gaming Keyboard,Electronics,2,89.99,179.98,Apple Pay,Delivered
ORD-10545,CUST-1756,2023-12-25,PROD-110,Espresso Coffee Machine,Home & Kitchen,2,299.99,599.98,Bank Transfer,Delivered
ORD-10546,CUST-1005,2023-10-23,PROD-112,Leather Laptop Backpack,Accessories,2,85.5,171.0,Debit Card,Delivered
ORD-10547,CUST-1829,2023-09-27,PROD-102,Ergonomic Office Chair,Furniture,5,249.5,1247.5,Bank Transfer,Shipped
ORD-10548,CUST-1334,2023-09-30,PROD-104,Stainless Steel Water Bottle,Home & Kitchen,4,24.99,99.96,Debit Card,Delivered
ORD-10549,CUST-1502,2024-01-31,PROD-109,Portable Bluetooth Speaker,Electronics,3,59.99,179.97,Apple Pay,Delivered
ORD-10550,CUST-1602,2023-11-30,PROD-102,Ergonomic Office Chair,Furniture,3,249.5,748.5,Apple Pay,Delivered
ORD-10551,CUST-1834,2024-02-05,PROD-111,Running Shoes Pro,Apparel,3,110.0,330.0,Bank Transfer,Delivered
ORD-10552,CUST-1138,2023-11-01,PROD-106,Standing Desk Converter,Furniture,1,179.99,179.99,Debit Card,Processing
ORD-10553,CUST-1383,2024-01-09,PROD-112,Leather Laptop Backpack,Accessories,2,85.5,171.0,Apple Pay,Delivered
ORD-10554,CUST-1142,2023-12-18,PROD-110,Espresso Coffee Machine,Home & Kitchen,4,299.99,1199.96,PayPal,Delivered
ORD-10555,CUST-1551,2024-01-21,PROD-112,Leather Laptop Backpack,Accessories,2,85.5,171.0,PayPal,Processing
ORD-10556,CUST-1144,2023-12-25,PROD-103,Mechanical Gaming Keyboard,Electronics,3,89.99,269.97,Bank Transfer,Delivered
ORD-10557,CUST-1368,2023-10-05,PROD-101,Wireless Noise-Canceling Headphones,Electronics,4,199.99,799.96,PayPal,Shipped
ORD-10558,CUST-1987,2024-02-15,PROD-109,Portable Bluetooth Speaker,Electronics,5,59.99,299.95,Apple Pay,Shipped
ORD-10559,CUST-1504,2024-01-04,PROD-107,Organic Cotton Bed Sheets Set,Home & Kitchen,4,75.0,300.0,PayPal,Delivered
ORD-10560,CUST-1032,2023-09-09,PROD-104,Stainless Steel Water Bottle,Home & Kitchen,3,24.99,74.97,Debit Card,Delivered
ORD-10561,CUST-1296,2024-01-23,PROD-103,Mechanical Gaming Keyboard,Electronics,4,89.99,359.96,Apple Pay,Delivered
ORD-10562,CUST-1116,2023-11-08,PROD-110,Espresso Coffee Machine,Home & Kitchen,1,299.99,299.99,Bank Transfer,Shipped
ORD-10563,CUST-1376,2024-03-13,PROD-109,Portable Bluetooth Speaker,Electronics,1,59.99,59.99,Apple Pay,Shipped
ORD-10564,CUST-1436,2023-11-16,PROD-102,Ergonomic Office Chair,Furniture,2,249.5,499.0,Credit Card,Shipped
ORD-10565,CUST-1357,2023-10-01,PROD-102,Ergonomic Office Chair,Furniture,4,249.5,998.0,PayPal,Delivered
ORD-10566,CUST-1756,2024-02-29,PROD-110,Espresso Coffee Machine,Home & Kitchen,3,299.99,899.97,Bank Transfer,Delivered
ORD-10567,CUST-1170,2024-03-19,PROD-110,Espresso Coffee Machine,Home & Kitchen,2,299.99,599.98,PayPal,Delivered
ORD-10568,CUST-1825,2023-11-29,PROD-101,Wireless Noise-Canceling Headphones,Electronics,5,199.99,999.95,Bank Transfer,Delivered
ORD-10569,CUST-1552,2024-02-28,PROD-103,Mechanical Gaming Keyboard,Electronics,3,89.99,269.97,Debit Card,Cancelled
ORD-10570,CUST-1274,2023-10-05,PROD-109,Portable Bluetooth Speaker,Electronics,1,59.99,59.99,Apple Pay,Shipped
ORD-10571,CUST-9018,2024-02-27,PROD-111,Running Shoes Pro,Apparel,2,110.0,220.0,PayPal,Delivered
ORD-10572,CUST-1729,2024-03-13,PROD-106,Standing Desk Converter,Furniture,2,179.99,359.98,Apple Pay,Delivered
ORD-10573,CUST-1592,2024-02-08,PROD-111,Running Shoes Pro,Apparel,3,110.0,330.0,Apple Pay,Delivered
ORD-10574,CUST-1078,2023-12-13,PROD-111,Running Shoes Pro,Apparel,1,110.0,110.0,Bank Transfer,Delivered
ORD-10575,CUST-1712,2024-01-03,PROD-106,Standing Desk Converter,Furniture,4,179.99,719.96,Debit Card,Processing
ORD-10576,CUST-1890,2024-03-06,PROD-112,Leather Laptop Backpack,Accessories,1,85.5,85.5,Apple Pay,Cancelled
ORD-10577,CUST-1715,2024-03-22,PROD-106,Standing Desk Converter,Furniture,1,179.99,179.99,Bank Transfer,Shipped
ORD-10578,CUST-1992,2024-01-05,PROD-107,Organic Cotton Bed Sheets Set,Home & Kitchen,2,75.0,150.0,Debit Card,Cancelled
ORD-10579,CUST-1291,2024-01-26,PROD-106,Standing Desk Converter,Furniture,5,179.99,899.95,PayPal,Delivered
ORD-10580,CUST-1497,2023-09-12,PROD-106,Standing Desk Converter,Furniture,1,179.99,179.99,Credit Card,Shipped
ORD-10581,CUST-1857,2023-10-02,PROD-108,Fitness Smartwatch v2,Wearables,1,149.95,149.95,PayPal,Delivered
ORD-10582,CUST-1001,2024-02-24,PROD-107,Organic Cotton Bed Sheets Set,Home & Kitchen,2,75.0,150.0,PayPal,Returned
ORD-10583,CUST-1310,2023-09-24,PROD-103,Mechanical Gaming Keyboard,Electronics,3,89.99,269.97,Debit Card,Delivered
ORD-10584,CUST-1381,2023-09-14,PROD-111,Running Shoes Pro,Apparel,2,110.0,220.0,Apple Pay,Shipped
ORD-10585,CUST-1744,2023-12-19,PROD-112,Leather Laptop Backpack,Accessories,2,85.5,171.0,Credit Card,Delivered
ORD-10586,CUST-1002,2023-09-20,PROD-104,Stainless Steel Water Bottle,Home & Kitchen,4,24.99,99.96,PayPal,Shipped
ORD-10587,CUST-1532,2023-09-03,PROD-111,Running Shoes Pro,Apparel,4,110.0,440.0,Credit Card,Shipped
ORD-10588,CUST-1837,2024-02-25,PROD-102,Ergonomic Office Chair,Furniture,4,249.5,998.0,PayPal,Shipped
ORD-10589,CUST-1235,2024-03-06,PROD-107,Organic Cotton Bed Sheets Set,Home & Kitchen,1,75.0,75.0,Credit Card,Shipped
ORD-10590,CUST-1377,2023-12-07,PROD-105,4K Ultra HD Monitor 27-inch,Electronics,2,329.0,658.0,PayPal,Shipped
ORD-10591,CUST-1694,2024-01-14,PROD-103,Mechanical Gaming Keyboard,Electronics,1,89.99,89.99,Bank Transfer,Shipped
ORD-10592,CUST-1666,2023-11-29,PROD-103,Mechanical Gaming Keyboard,Electronics,4,89.99,359.96,PayPal,Delivered
ORD-10593,CUST-1156,2024-02-23,PROD-107,Organic Cotton Bed Sheets Set,Home & Kitchen,5,75.0,375.0,Apple Pay,Shipped
ORD-10594,CUST-1089,2024-03-11,PROD-102,Ergonomic Office Chair,Furniture,2,249.5,499.0,Credit Card,Shipped
ORD-10595,CUST-1394,2023-11-20,PROD-106,Standing Desk Converter,Furniture,4,179.99,719.96,PayPal,Processing
ORD-10596,CUST-1661,2024-01-20,PROD-102,Ergonomic Office Chair,Furniture,2,249.5,499.0,Bank Transfer,Delivered
ORD-10597,CUST-1623,2024-02-16,PROD-105,4K Ultra HD Monitor 27-inch,Electronics,1,329.0,329.0,Debit Card,Delivered
ORD-10598,CUST-1622,2024-03-10,PROD-109,Portable Bluetooth Speaker,Electronics,2,59.99,119.98,Apple Pay,Shipped
ORD-10599,CUST-1056,2023-12-08,PROD-104,Stainless Steel Water Bottle,Home & Kitchen,4,24.99,99.96,Credit Card,Shipped
ORD-10600,CUST-1654,2024-01-14,PROD-110,Espresso Coffee Machine,Home & Kitchen,1,299.99,299.99,Credit Card,Shipped
ORD-10601,CUST-9021,2024-01-24,PROD-103,Mechanical Gaming Keyboard,Electronics,4,89.99,359.96,Apple Pay,Shipped
ORD-10602,CUST-1700,2024-03-16,PROD-103,Mechanical Gaming Keyboard,Electronics,4,89.99,359.96,Credit Card,Shipped
ORD-10603,CUST-1070,2023-10-26,PROD-101,Wireless Noise-Canceling Headphones,Electronics,3,199.99,599.97,Credit Card,Shipped
ORD-10604,CUST-9026,2024-02-08,PROD-109,Portable Bluetooth Speaker,Electronics,3,59.99,179.97,Bank Transfer,Shipped
ORD-10605,CUST-1434,2023-09-22,PROD-112,Leather Laptop Backpack,Accessories,4,85.5,342.0,Bank Transfer,Shipped
ORD-10606,CUST-1157,2023-11-19,PROD-105,4K Ultra HD Monitor 27-inch,Electronics,1,329.0,329.0,Credit Card,Delivered
ORD-10607,CUST-1209,2023-11-23,PROD-103,Mechanical Gaming Keyboard,Electronics,5,89.99,449.95,Apple Pay,Shipped
ORD-10608,CUST-1782,2023-11-19,PROD-111,Running Shoes Pro,Apparel,1,110.0,110.0,Apple Pay,Delivered
ORD-10609,CUST-1867,2023-11-02,PROD-104,Stainless Steel Water Bottle,Home & Kitchen,1,24.99,24.99,Credit Card,Delivered
ORD-10610,CUST-9008,2024-02-03,PROD-108,Fitness Smartwatch v2,Wearables,5,149.95,749.75,Credit Card,Delivered
ORD-10611,CUST-1760,2023-10-01,PROD-111,Running Shoes Pro,Apparel,2,110.0,220.0,Credit Card,Shipped
ORD-10612,CUST-1719,2024-01-06,PROD-101,Wireless Noise-Canceling Headphones,Electronics,2,199.99,399.98,Debit Card,Delivered
ORD-10613,CUST-1802,2023-10-13,PROD-112,Leather Laptop Backpack,Accessories,3,85.5,256.5,Debit Card,Delivered
ORD-10614,CUST-1800,2024-03-16,PROD-105,4K Ultra HD Monitor 27-inch,Electronics,1,329.0,329.0,Credit Card,Shipped
ORD-10615,CUST-1440,2023-09-17,PROD-105,4K Ultra HD Monitor 27-inch,Electronics,5,329.0,1645.0,Debit Card,Processing
ORD-10616,CUST-1591,2024-01-06,PROD-111,Running Shoes Pro,Apparel,1,110.0,110.0,Apple Pay,Cancelled
ORD-10617,CUST-1057,2023-10-13,PROD-108,Fitness Smartwatch v2,Wearables,5,149.95,749.75,Debit Card,Shipped
ORD-10618,CUST-1792,2024-02-20,PROD-102,Ergonomic Office Chair,Furniture,5,249.5,1247.5,Credit Card,Shipped
ORD-10619,CUST-1522,2023-09-04,PROD-101,Wireless Noise-Canceling Headphones,Electronics,1,199.99,199.99,PayPal,Processing
ORD-10620,CUST-1373,2023-10-16,PROD-107,Organic Cotton Bed Sheets Set,Home & Kitchen,2,75.0,150.0,Credit Card,Delivered
ORD-10621,CUST-1936,2023-10-28,PROD-112,Leather Laptop Backpack,Accessories,4,85.5,342.0,Debit Card,Shipped
ORD-10622,CUST-1938,2023-11-09,PROD-112,Leather Laptop Backpack,Accessories,3,85.5,256.5,Credit Card,Shipped
ORD-10623,CUST-1123,2023-10-16,PROD-109,Portable Bluetooth Speaker,Electronics,1,59.99,59.99,PayPal,Delivered
ORD-10624,CUST-1048,2023-12-29,PROD-107,Organic Cotton Bed Sheets Set,Home & Kitchen,1,75.0,75.0,Debit Card,Delivered
ORD-10625,CUST-1319,2024-01-20,PROD-106,Standing Desk Converter,Furniture,1,179.99,179.99,Apple Pay,Delivered
ORD-10626,CUST-1206,2024-03-19,PROD-105,4K Ultra HD Monitor 27-inch,Electronics,5,329.0,1645.0,Debit Card,Delivered
ORD-10627,CUST-1249,2024-01-30,PROD-108,Fitness Smartwatch v2,Wearables,3,149.95,449.85,Apple Pay,Delivered
ORD-10628,CUST-9013,2024-03-13,PROD-112,Leather Laptop Backpack,Accessories,5,85.5,427.5,PayPal,Delivered
ORD-10629,CUST-1955,2023-10-30,PROD-107,Organic Cotton Bed Sheets Set,Home & Kitchen,1,75.0,75.0,Bank Transfer,Shipped
ORD-10630,CUST-1860,2023-11-25,PROD-112,Leather Laptop Backpack,Accessories,1,85.5,85.5,Credit Card,Shipped
ORD-10631,CUST-1386,2023-09-27,PROD-112,Leather Laptop Backpack,Accessories,3,85.5,256.5,PayPal,Delivered
ORD-10632,CUST-1244,2023-09-16,PROD-107,Organic Cotton Bed Sheets Set,Home & Kitchen,4,75.0,300.0,PayPal,Processing
ORD-10633,CUST-1096,2024-01-12,PROD-101,Wireless Noise-Canceling Headphones,Electronics,2,199.99,399.98,Apple Pay,Delivered
ORD-10634,CUST-1382,2024-01-27,PROD-108,Fitness Smartwatch v2,Wearables,1,149.95,149.95,Credit Card,Delivered
ORD-10635,CUST-1653,2024-01-30,PROD-107,Organic Cotton Bed Sheets Set,Home & Kitchen,1,75.0,75.0,Bank Transfer,Shipped
ORD-10636,CUST-1679,2023-11-14,PROD-103,Mechanical Gaming Keyboard,Electronics,2,89.99,179.98,Debit Card,Delivered
ORD-10637,CUST-1949,2023-11-21,PROD-107,Organic Cotton Bed Sheets Set,Home & Kitchen,3,75.0,225.0,Apple Pay,Delivered
ORD-10638,CUST-1077,2024-03-18,PROD-104,Stainless Steel Water Bottle,Home & Kitchen,2,24.99,49.98,Bank Transfer,Shipped
ORD-10639,CUST-1109,2023-12-29,PROD-103,Mechanical Gaming Keyboard,Electronics,4,89.99,359.96,Debit Card,Shipped
ORD-10640,CUST-1549,2023-12-25,PROD-106,Standing Desk Converter,Furniture,2,179.99,359.98,Debit Card,Delivered
ORD-10641,CUST-1873,2023-10-11,PROD-102,Ergonomic Office Chair,Furniture,1,249.5,249.5,Debit Card,Shipped
ORD-10642,CUST-1714,2023-10-26,PROD-110,Espresso Coffee Machine,Home & Kitchen,1,299.99,299.99,Debit Card,Shipped
ORD-10643,CUST-1729,2023-12-11,PROD-104,Stainless Steel Water Bottle,Home & Kitchen,3,24.99,74.97,Bank Transfer,Shipped
ORD-10644,CUST-1307,2023-09-08,PROD-105,4K Ultra HD Monitor 27-inch,Electronics,2,329.0,658.0,Apple Pay,Shipped
ORD-10645,CUST-1570,2023-11-03,PROD-112,Leather Laptop Backpack,Accessories,5,85.5,427.5,Credit Card,Shipped
ORD-10646,CUST-1824,2023-09-04,PROD-103,Mechanical Gaming Keyboard,Electronics,1,89.99,89.99,Credit Card,Processing
ORD-10647,CUST-1228,2024-03-29,PROD-103,Mechanical Gaming Keyboard,Electronics,2,89.99,179.98,Apple Pay,Delivered
ORD-10648,CUST-1646,2024-01-28,PROD-111,Running Shoes Pro,Apparel,1,110.0,110.0,Bank Transfer,Delivered
ORD-10649,CUST-1833,2023-09-17,PROD-102,Ergonomic Office Chair,Furniture,1,249.5,249.5,PayPal,Delivered
ORD-10650,CUST-9029,2024-03-31,PROD-103,Mechanical Gaming Keyboard,Electronics,1,89.99,89.99,Debit Card,Delivered
ORD-10651,CUST-1965,2023-10-14,PROD-108,Fitness Smartwatch v2,Wearables,1,149.95,149.95,Bank Transfer,Shipped
ORD-10652,CUST-1742,2023-09-08,PROD-107,Organic Cotton Bed Sheets Set,Home & Kitchen,4,75.0,300.0,Apple Pay,Delivered
ORD-10653,CUST-1177,2023-10-18,PROD-106,Standing Desk Converter,Furniture,2,179.99,359.98,Debit Card,Delivered
ORD-10654,CUST-1905,2024-02-05,PROD-103,Mechanical Gaming Keyboard,Electronics,1,89.99,89.99,Bank Transfer,Delivered
ORD-10655,CUST-1663,2023-12-15,PROD-105,4K Ultra HD Monitor 27-inch,Electronics,4,329.0,1316.0,Bank Transfer,Delivered
ORD-10656,CUST-1090,2023-10-06,PROD-105,4K Ultra HD Monitor 27-inch,Electronics,4,329.0,1316.0,Apple Pay,Shipped
ORD-10657,CUST-1906,2024-02-09,PROD-109,Portable Bluetooth Speaker,Electronics,2,59.99,119.98,Bank Transfer,Shipped
ORD-10658,CUST-1392,2024-01-01,PROD-112,Leather Laptop Backpack,Accessories,3,85.5,256.5,Bank Transfer,Delivered
ORD-10659,CUST-1353,2023-11-22,PROD-110,Espresso Coffee Machine,Home & Kitchen,5,299.99,1499.95,Apple Pay,Delivered
ORD-10660,CUST-1027,2023-10-27,PROD-106,Standing Desk Converter,Furniture,5,179.99,899.95,Credit Card,Delivered
ORD-10661,CUST-1798,2024-03-26,PROD-105,4K Ultra HD Monitor 27-inch,Electronics,1,329.0,329.0,Apple Pay,Delivered
ORD-10662,CUST-1786,2023-10-11,PROD-110,Espresso Coffee Machine,Home & Kitchen,2,299.99,599.98,Credit Card,Returned
ORD-10663,CUST-1247,2024-03-27,PROD-105,4K Ultra HD Monitor 27-inch,Electronics,5,329.0,1645.0,Credit Card,Delivered
ORD-10664,CUST-1971,2024-03-23,PROD-104,Stainless Steel Water Bottle,Home & Kitchen,5,24.99,124.95,Apple Pay,Shipped
ORD-10665,CUST-1860,2023-10-31,PROD-103,Mechanical Gaming Keyboard,Electronics,2,89.99,179.98,Bank Transfer,Shipped
ORD-10666,CUST-1756,2024-01-30,PROD-112,Leather Laptop Backpack,Accessories,3,85.5,256.5,Credit Card,Shipped
ORD-10667,CUST-1361,2023-10-07,PROD-110,Espresso Coffee Machine,Home & Kitchen,5,299.99,1499.95,Bank Transfer,Shipped
ORD-10668,CUST-9032,2023-10-15,PROD-109,Portable Bluetooth Speaker,Electronics,3,59.99,179.97,Apple Pay,Shipped
ORD-10669,CUST-1058,2023-10-27,PROD-104,Stainless Steel Water Bottle,Home & Kitchen,5,24.99,124.95,Credit Card,Shipped
ORD-10670,CUST-1001,2023-10-22,PROD-106,Standing Desk Converter,Furniture,5,179.99,899.95,PayPal,Shipped
ORD-10671,CUST-1182,2023-09-06,PROD-106,Standing Desk Converter,Furniture,1,179.99,179.99,PayPal,Shipped
ORD-10672,CUST-1940,2024-01-13,PROD-103,Mechanical Gaming Keyboard,Electronics,1,89.99,89.99,Debit Card,Processing
ORD-10673,CUST-9024,2024-01-29,PROD-112,Leather Laptop Backpack,Accessories,4,85.5,342.0,Credit Card,Shipped
ORD-10674,CUST-1331,2024-03-06,PROD-103,Mechanical Gaming Keyboard,Electronics,2,89.99,179.98,Apple Pay,Delivered
ORD-10675,CUST-1984,2023-10-15,PROD-108,Fitness Smartwatch v2,Wearables,3,149.95,449.85,Bank Transfer,Delivered
ORD-10676,CUST-1952,2023-10-28,PROD-110,Espresso Coffee Machine,Home & Kitchen,3,299.99,899.97,Bank Transfer,Returned
ORD-10677,CUST-1388,2023-10-03,PROD-105,4K Ultra HD Monitor 27-inch,Electronics,3,329.0,987.0,PayPal,Shipped
ORD-10678,CUST-1972,2023-12-10,PROD-112,Leather Laptop Backpack,Accessories,5,85.5,427.5,Bank Transfer,Delivered
ORD-10679,CUST-1617,2023-10-27,PROD-106,Standing Desk Converter,Furniture,5,179.99,899.95,Bank Transfer,Returned
ORD-10680,CUST-1509,2024-03-09,PROD-103,Mechanical Gaming Keyboard,Electronics,3,89.99,269.97,Credit Card,Processing
ORD-10681,CUST-1328,2024-03-29,PROD-103,Mechanical Gaming Keyboard,Electronics,1,89.99,89.99,Debit Card,Processing
ORD-10682,CUST-1272,2024-02-25,PROD-104,Stainless Steel Water Bottle,Home & Kitchen,2,24.99,49.98,Credit Card,Shipped
ORD-10683,CUST-1806,2023-09-13,PROD-102,Ergonomic Office Chair,Furniture,1,249.5,249.5,Apple Pay,Shipped
ORD-10684,CUST-1430,2024-01-05,PROD-103,Mechanical Gaming Keyboard,Electronics,4,89.99,359.96,Apple Pay,Delivered
ORD-10685,CUST-1385,2024-03-20,PROD-102,Ergonomic Office Chair,Furniture,4,249.5,998.0,Bank Transfer,Cancelled
ORD-10686,CUST-1704,2023-12-25,PROD-104,Stainless Steel Water Bottle,Home & Kitchen,2,24.99,49.98,Credit Card,Delivered
ORD-10687,CUST-1035,2023-11-21,PROD-105,4K Ultra HD Monitor 27-inch,Electronics,1,329.0,329.0,Debit Card,Delivered
ORD-10688,CUST-9005,2023-12-06,PROD-106,Standing Desk Converter,Furniture,2,179.99,359.98,PayPal,Shipped
ORD-10689,CUST-1561,2024-01-31,PROD-102,Ergonomic Office Chair,Furniture,3,249.5,748.5,Bank Transfer,Delivered
ORD-10690,CUST-1722,2024-02-15,PROD-101,Wireless Noise-Canceling Headphones,Electronics,4,199.99,799.96,PayPal,Shipped
ORD-10691,CUST-1445,2023-09-26,PROD-103,Mechanical Gaming Keyboard,Electronics,1,89.99,89.99,Debit Card,Shipped
ORD-10692,CUST-1195,2024-03-03,PROD-107,Organic Cotton Bed Sheets Set,Home & Kitchen,5,75.0,375.0,Bank Transfer,Delivered
ORD-10693,CUST-1289,2023-09-25,PROD-105,4K Ultra HD Monitor 27-inch,Electronics,2,329.0,658.0,Credit Card,Delivered
ORD-10694,CUST-1563,2023-09-14,PROD-108,Fitness Smartwatch v2,Wearables,2,149.95,299.9,Debit Card,Shipped
ORD-10695,CUST-1090,2024-01-01,PROD-105,4K Ultra HD Monitor 27-inch,Electronics,5,329.0,1645.0,PayPal,Shipped
ORD-10696,CUST-1212,2023-09-21,PROD-103,Mechanical Gaming Keyboard,Electronics,3,89.99,269.97,Apple Pay,Delivered
ORD-10697,CUST-1316,2024-01-04,PROD-107,Organic Cotton Bed Sheets Set,Home & Kitchen,4,75.0,300.0,Debit Card,Shipped
ORD-10698,CUST-1558,2023-12-04,PROD-107,Organic Cotton Bed Sheets Set,Home & Kitchen,2,75.0,150.0,Apple Pay,Delivered
ORD-10699,CUST-1457,2023-12-22,PROD-101,Wireless Noise-Canceling Headphones,Electronics,3,199.99,599.97,Apple Pay,Shipped
ORD-10700,CUST-1858,2023-09-16,PROD-105,4K Ultra HD Monitor 27-inch,Electronics,5,329.0,1645.0,PayPal,Delivered
ORD-10701,CUST-1684,2024-02-19,PROD-102,Ergonomic Office Chair,Furniture,1,249.5,249.5,Debit Card,Delivered
ORD-10702,CUST-1424,2024-01-20,PROD-110,Espresso Coffee Machine,Home & Kitchen,2,299.99,599.98,Credit Card,Shipped
ORD-10703,CUST-1839,2024-01-16,PROD-109,Portable Bluetooth Speaker,Electronics,4,59.99,239.96,Apple Pay,Shipped
ORD-10704,CUST-1242,2023-09-21,PROD-108,Fitness Smartwatch v2,Wearables,3,149.95,449.85,Apple Pay,Shipped
ORD-10705,CUST-9046,2024-01-25,PROD-101,Wireless Noise-Canceling Headphones,Electronics,5,199.99,999.95,Bank Transfer,Shipped
ORD-10706,CUST-1694,2023-10-01,PROD-110,Espresso Coffee Machine,Home & Kitchen,2,299.99,599.98,Apple Pay,Returned
ORD-10707,CUST-1172,2023-10-03,PROD-104,Stainless Steel Water Bottle,Home & Kitchen,2,24.99,49.98,Credit Card,Shipped
ORD-10708,CUST-1700,2024-03-29,PROD-107,Organic Cotton Bed Sheets Set,Home & Kitchen,2,75.0,150.0,PayPal,Processing
ORD-10709,CUST-1265,2023-09-23,PROD-106,Standing Desk Converter,Furniture,1,179.99,179.99,Apple Pay,Shipped
ORD-10710,CUST-1566,2024-01-12,PROD-106,Standing Desk Converter,Furniture,3,179.99,539.97,Apple Pay,Delivered
ORD-10711,CUST-9001,2024-01-29,PROD-112,Leather Laptop Backpack,Accessories,5,85.5,427.5,Bank Transfer,Delivered
ORD-10712,CUST-1116,2023-10-08,PROD-107,Organic Cotton Bed Sheets Set,Home & Kitchen,2,75.0,150.0,Bank Transfer,Delivered
ORD-10713,CUST-1777,2024-01-23,PROD-102,Ergonomic Office Chair,Furniture,1,249.5,249.5,Credit Card,Delivered
ORD-10714,CUST-1889,2023-12-15,PROD-109,Portable Bluetooth Speaker,Electronics,3,59.99,179.97,Debit Card,Delivered
ORD-10715,CUST-1498,2023-12-31,PROD-110,Espresso Coffee Machine,Home & Kitchen,5,299.99,1499.95,Credit Card,Shipped
ORD-10716,CUST-1413,2024-02-03,PROD-103,Mechanical Gaming Keyboard,Electronics,5,89.99,449.95,Apple Pay,Cancelled
ORD-10717,CUST-1911,2023-09-13,PROD-106,Standing Desk Converter,Furniture,2,179.99,359.98,Apple Pay,Processing
ORD-10718,CUST-9024,2024-03-28,PROD-101,Wireless Noise-Canceling Headphones,Electronics,3,199.99,599.97,Debit Card,Returned
ORD-10719,CUST-1864,2023-10-29,PROD-108,Fitness Smartwatch v2,Wearables,1,149.95,149.95,PayPal,Shipped
ORD-10720,CUST-1762,2023-11-08,PROD-108,Fitness Smartwatch v2,Wearables,3,149.95,449.85,Apple Pay,Delivered
ORD-10721,CUST-1092,2023-10-25,PROD-104,Stainless Steel Water Bottle,Home & Kitchen,4,24.99,99.96,Apple Pay,Cancelled
ORD-10722,CUST-1778,2024-03-29,PROD-109,Portable Bluetooth Speaker,Electronics,3,59.99,179.97,Credit Card,Shipped
ORD-10723,CUST-1163,2024-02-29,PROD-102,Ergonomic Office Chair,Furniture,3,249.5,748.5,Bank Transfer,Shipped
ORD-10724,CUST-1800,2023-09-08,PROD-109,Portable Bluetooth Speaker,Electronics,5,59.99,299.95,PayPal,Delivered
ORD-10725,CUST-1853,2023-11-03,PROD-104,Stainless Steel Water Bottle,Home & Kitchen,1,24.99,24.99,Credit Card,Delivered
ORD-10726,CUST-1941,2023-11-10,PROD-106,Standing Desk Converter,Furniture,2,179.99,359.98,Debit Card,Processing
ORD-10727,CUST-1518,2024-02-22,PROD-107,Organic Cotton Bed Sheets Set,Home & Kitchen,1,75.0,75.0,Credit Card,Shipped
ORD-10728,CUST-1501,2023-10-16,PROD-110,Espresso Coffee Machine,Home & Kitchen,4,299.99,1199.96,Apple Pay,Delivered
ORD-10729,CUST-1359,2023-11-06,PROD-106,Standing Desk Converter,Furniture,2,179.99,359.98,Credit Card,Shipped
ORD-10730,CUST-1396,2024-01-25,PROD-101,Wireless Noise-Canceling Headphones,Electronics,2,199.99,399.98,PayPal,Shipped
ORD-10731,CUST-1663,2023-11-08,PROD-104,Stainless Steel Water Bottle,Home & Kitchen,2,24.99,49.98,Apple Pay,Shipped
ORD-10732,CUST-1886,2023-12-31,PROD-111,Running Shoes Pro,Apparel,1,110.0,110.0,PayPal,Processing
ORD-10733,CUST-1616,2023-11-04,PROD-101,Wireless Noise-Canceling Headphones,Electronics,2,199.99,399.98,Bank Transfer,Delivered
ORD-10734,CUST-1313,2023-12-18,PROD-112,Leather Laptop Backpack,Accessories,3,85.5,256.5,Apple Pay,Delivered
ORD-10735,CUST-1471,2023-12-29,PROD-105,4K Ultra HD Monitor 27-inch,Electronics,2,329.0,658.0,Debit Card,Delivered
ORD-10736,CUST-1845,2024-01-28,PROD-110,Espresso Coffee Machine,Home & Kitchen,4,299.99,1199.96,Credit Card,Processing
ORD-10737,CUST-1679,2024-02-13,PROD-106,Standing Desk Converter,Furniture,5,179.99,899.95,Bank Transfer,Delivered
ORD-10738,CUST-1306,2024-01-02,PROD-111,Running Shoes Pro,Apparel,1,110.0,110.0,Credit Card,Processing
ORD-10739,CUST-1284,2023-11-10,PROD-111,Running Shoes Pro,Apparel,3,110.0,330.0,Debit Card,Delivered
ORD-10740,CUST-1976,2023-10-19,PROD-111,Running Shoes Pro,Apparel,3,110.0,330.0,PayPal,Delivered
ORD-10741,CUST-1247,2023-12-13,PROD-101,Wireless Noise-Canceling Headphones,Electronics,5,199.99,999.95,Debit Card,Delivered
ORD-10742,CUST-1739,2023-11-15,PROD-101,Wireless Noise-Canceling Headphones,Electronics,4,199.99,799.96,Debit Card,Shipped
ORD-10743,CUST-9026,2024-01-28,PROD-107,Organic Cotton Bed Sheets Set,Home & Kitchen,1,75.0,75.0,Bank Transfer,Delivered
ORD-10744,CUST-1352,2024-02-23,PROD-112,Leather Laptop Backpack,Accessories,2,85.5,171.0,Bank Transfer,Delivered
ORD-10745,CUST-1488,2024-01-08,PROD-111,Running Shoes Pro,Apparel,3,110.0,330.0,Debit Card,Shipped
ORD-10746,CUST-1861,2023-10-17,PROD-111,Running Shoes Pro,Apparel,5,110.0,550.0,Debit Card,Processing
ORD-10747,CUST-1132,2024-03-04,PROD-112,Leather Laptop Backpack,Accessories,3,85.5,256.5,Bank Transfer,Delivered
ORD-10748,CUST-1188,2024-02-15,PROD-111,Running Shoes Pro,Apparel,3,110.0,330.0,Credit Card,Delivered
ORD-10749,CUST-1229,2023-12-17,PROD-112,Leather Laptop Backpack,Accessories,3,85.5,256.5,Debit Card,Cancelled
ORD-10750,CUST-1600,2023-10-01,PROD-105,4K Ultra HD Monitor 27-inch,Electronics,4,329.0,1316.0,Apple Pay,Delivered
ORD-10751,CUST-1650,2024-02-06,PROD-110,Espresso Coffee Machine,Home & Kitchen,5,299.99,1499.95,Credit Card,Shipped
ORD-10752,CUST-1200,2024-02-22,PROD-109,Portable Bluetooth Speaker,Electronics,1,59.99,59.99,Apple Pay,Cancelled
ORD-10753,CUST-1424,2023-10-06,PROD-101,Wireless Noise-Canceling Headphones,Electronics,2,199.99,399.98,PayPal,Delivered
ORD-10754,CUST-1584,2023-11-20,PROD-108,Fitness Smartwatch v2,Wearables,2,149.95,299.9,PayPal,Shipped
ORD-10755,CUST-1500,2023-11-20,PROD-106,Standing Desk Converter,Furniture,2,179.99,359.98,Credit Card,Shipped
ORD-10756,CUST-1281,2024-01-26,PROD-104,Stainless Steel Water Bottle,Home & Kitchen,2,24.99,49.98,PayPal,Delivered
ORD-10757,CUST-1782,2024-02-05,PROD-102,Ergonomic Office Chair,Furniture,2,249.5,499.0,Apple Pay,Delivered
ORD-10758,CUST-1414,2023-12-08,PROD-107,Organic Cotton Bed Sheets Set,Home & Kitchen,4,75.0,300.0,Credit Card,Delivered
ORD-10759,CUST-1205,2023-09-04,PROD-112,Leather Laptop Backpack,Accessories,3,85.5,256.5,Debit Card,Processing
ORD-10760,CUST-1544,2024-02-21,PROD-104,Stainless Steel Water Bottle,Home & Kitchen,1,24.99,24.99,Credit Card,Delivered
ORD-10761,CUST-1255,2023-11-19,PROD-104,Stainless Steel Water Bottle,Home & Kitchen,3,24.99,74.97,PayPal,Shipped
ORD-10762,CUST-1516,2023-10-13,PROD-110,Espresso Coffee Machine,Home & Kitchen,3,299.99,899.97,Credit Card,Shipped
ORD-10763,CUST-1306,2024-03-05,PROD-105,4K Ultra HD Monitor 27-inch,Electronics,4,329.0,1316.0,Bank Transfer,Shipped
ORD-10764,CUST-1346,2023-11-27,PROD-107,Organic Cotton Bed Sheets Set,Home & Kitchen,2,75.0,150.0,Apple Pay,Delivered
ORD-10765,CUST-1193,2023-09-05,PROD-103,Mechanical Gaming Keyboard,Electronics,4,89.99,359.96,PayPal,Shipped
ORD-10766,CUST-1135,2024-01-29,PROD-104,Stainless Steel Water Bottle,Home & Kitchen,1,24.99,24.99,Bank Transfer,Delivered
ORD-10767,CUST-1376,2023-12-06,PROD-112,Leather Laptop Backpack,Accessories,1,85.5,85.5,Debit Card,Delivered
ORD-10768,CUST-1639,2023-09-13,PROD-101,Wireless Noise-Canceling Headphones,Electronics,5,199.99,999.95,Credit Card,Processing
ORD-10769,CUST-1021,2023-12-16,PROD-101,Wireless Noise-Canceling Headphones,Electronics,1,199.99,199.99,Apple Pay,Shipped
ORD-10770,CUST-1561,2024-02-27,PROD-105,4K Ultra HD Monitor 27-inch,Electronics,4,329.0,1316.0,PayPal,Processing
ORD-10771,CUST-1703,2023-11-17,PROD-111,Running Shoes Pro,Apparel,1,110.0,110.0,Apple Pay,Shipped
ORD-10772,CUST-1679,2024-02-07,PROD-109,Portable Bluetooth Speaker,Electronics,3,59.99,179.97,Bank Transfer,Processing
ORD-10773,CUST-1429,2024-03-03,PROD-102,Ergonomic Office Chair,Furniture,5,249.5,1247.5,Bank Transfer,Shipped
ORD-10774,CUST-1117,2023-10-21,PROD-102,Ergonomic Office Chair,Furniture,4,249.5,998.0,Bank Transfer,Delivered
ORD-10775,CUST-1270,2023-12-01,PROD-109,Portable Bluetooth Speaker,Electronics,2,59.99,119.98,Apple Pay,Delivered
ORD-10776,CUST-1041,2023-10-24,PROD-109,Portable Bluetooth Speaker,Electronics,4,59.99,239.96,Apple Pay,Shipped
ORD-10777,CUST-1003,2023-09-29,PROD-101,Wireless Noise-Canceling Headphones,Electronics,1,199.99,199.99,Bank Transfer,Shipped
ORD-10778,CUST-1153,2023-09-20,PROD-102,Ergonomic Office Chair,Furniture,5,249.5,1247.5,Credit Card,Delivered
ORD-10779,CUST-9042,2023-11-15,PROD-104,Stainless Steel Water Bottle,Home & Kitchen,4,24.99,99.96,Debit Card,Delivered
ORD-10780,CUST-1103,2023-11-14,PROD-103,Mechanical Gaming Keyboard,Electronics,1,89.99,89.99,Debit Card,Delivered
ORD-10781,CUST-1321,2023-09-25,PROD-107,Organic Cotton Bed Sheets Set,Home & Kitchen,1,75.0,75.0,Credit Card,Delivered
ORD-10782,CUST-1142,2023-11-24,PROD-111,Running Shoes Pro,Apparel,2,110.0,220.0,Debit Card,Delivered
ORD-10783,CUST-1979,2024-03-06,PROD-110,Espresso Coffee Machine,Home & Kitchen,3,299.99,899.97,Credit Card,Shipped
ORD-10784,CUST-1351,2023-12-12,PROD-103,Mechanical Gaming Keyboard,Electronics,1,89.99,89.99,Apple Pay,Shipped
ORD-10785,CUST-9018,2024-03-23,PROD-107,Organic Cotton Bed Sheets Set,Home & Kitchen,4,75.0,300.0,Apple Pay,Shipped
ORD-10786,CUST-1817,2023-10-04,PROD-103,Mechanical Gaming Keyboard,Electronics,1,89.99,89.99,Credit Card,Cancelled
ORD-10787,CUST-9011,2024-01-30,PROD-102,Ergonomic Office Chair,Furniture,4,249.5,998.0,Apple Pay,Delivered
ORD-10788,CUST-1695,2024-02-04,PROD-108,Fitness Smartwatch v2,Wearables,2,149.95,299.9,Apple Pay,Delivered
ORD-10789,CUST-1627,2024-01-02,PROD-101,Wireless Noise-Canceling Headphones,Electronics,2,199.99,399.98,Apple Pay,Delivered
ORD-10790,CUST-1422,2023-09-17,PROD-108,Fitness Smartwatch v2,Wearables,1,149.95,149.95,Debit Card,Cancelled
ORD-10791,CUST-1013,2024-03-15,PROD-112,Leather Laptop Backpack,Accessories,5,85.5,427.5,Bank Transfer,Shipped
ORD-10792,CUST-1230,2024-01-11,PROD-111,Running Shoes Pro,Apparel,3,110.0,330.0,Bank Transfer,Delivered
ORD-10793,CUST-1634,2024-02-17,PROD-102,Ergonomic Office Chair,Furniture,4,249.5,998.0,PayPal,Delivered
ORD-10794,CUST-1680,2023-10-09,PROD-111,Running Shoes Pro,Apparel,4,110.0,440.0,Bank Transfer,Delivered
ORD-10795,CUST-1628,2024-02-12,PROD-101,Wireless Noise-Canceling Headphones,Electronics,1,199.99,199.99,PayPal,Shipped
ORD-10796,CUST-1481,2023-09-20,PROD-108,Fitness Smartwatch v2,Wearables,2,149.95,299.9,Apple Pay,Processing
ORD-10797,CUST-1339,2024-01-08,PROD-105,4K Ultra HD Monitor 27-inch,Electronics,1,329.0,329.0,PayPal,Cancelled
ORD-10798,CUST-1388,2023-09-21,PROD-107,Organic Cotton Bed Sheets Set,Home & Kitchen,2,75.0,150.0,Apple Pay,Delivered
ORD-10799,CUST-1587,2024-01-06,PROD-108,Fitness Smartwatch v2,Wearables,1,149.95,149.95,Apple Pay,Delivered
ORD-10800,CUST-1510,2023-09-27,PROD-112,Leather Laptop Backpack,Accessories,1,85.5,85.5,Apple Pay,Cancelled
ORD-10801,CUST-1571,2024-03-30,PROD-109,Portable Bluetooth Speaker,Electronics,1,59.99,59.99,Credit Card,Delivered
ORD-10802,CUST-1987,2024-01-09,PROD-110,Espresso Coffee Machine,Home & Kitchen,3,299.99,899.97,Bank Transfer,Shipped
ORD-10803,CUST-1688,2023-12-03,PROD-108,Fitness Smartwatch v2,Wearables,3,149.95,449.85,Credit Card,Delivered
ORD-10804,CUST-1865,2024-01-22,PROD-108,Fitness Smartwatch v2,Wearables,3,149.95,449.85,Bank Transfer,Delivered
ORD-10805,CUST-1734,2024-03-02,PROD-111,Running Shoes Pro,Apparel,3,110.0,330.0,Apple Pay,Delivered
ORD-10806,CUST-1778,2023-09-01,PROD-111,Running Shoes Pro,Apparel,2,110.0,220.0,Debit Card,Delivered
ORD-10807,CUST-1649,2024-01-12,PROD-105,4K Ultra HD Monitor 27-inch,Electronics,5,329.0,1645.0,Debit Card,Cancelled
ORD-10808,CUST-1047,2023-10-06,PROD-103,Mechanical Gaming Keyboard,Electronics,4,89.99,359.96,Apple Pay,Cancelled
ORD-10809,CUST-1626,2023-10-01,PROD-104,Stainless Steel Water Bottle,Home & Kitchen,2,24.99,49.98,Apple Pay,Delivered
ORD-10810,CUST-1845,2023-09-28,PROD-104,Stainless Steel Water Bottle,Home & Kitchen,3,24.99,74.97,Apple Pay,Shipped
ORD-10811,CUST-1649,2023-10-02,PROD-111,Running Shoes Pro,Apparel,5,110.0,550.0,Apple Pay,Returned
ORD-10812,CUST-1604,2024-01-06,PROD-109,Portable Bluetooth Speaker,Electronics,2,59.99,119.98,Credit Card,Processing
ORD-10813,CUST-1050,2024-01-28,PROD-109,Portable Bluetooth Speaker,Electronics,4,59.99,239.96,Apple Pay,Shipped
ORD-10814,CUST-9012,2023-10-15,PROD-112,Leather Laptop Backpack,Accessories,5,85.5,427.5,PayPal,Cancelled
ORD-10815,CUST-1674,2023-11-22,PROD-110,Espresso Coffee Machine,Home & Kitchen,5,299.99,1499.95,Bank Transfer,Processing
ORD-10816,CUST-1429,2023-11-10,PROD-110,Espresso Coffee Machine,Home & Kitchen,2,299.99,599.98,Apple Pay,Delivered
ORD-10817,CUST-9019,2023-10-06,PROD-108,Fitness Smartwatch v2,Wearables,2,149.95,299.9,Apple Pay,Delivered
ORD-10818,CUST-1908,2023-11-16,PROD-112,Leather Laptop Backpack,Accessories,5,85.5,427.5,Bank Transfer,Delivered
ORD-10819,CUST-1729,2024-02-09,PROD-112,Leather Laptop Backpack,Accessories,5,85.5,427.5,PayPal,Shipped
ORD-10820,CUST-1640,2024-02-23,PROD-112,Leather Laptop Backpack,Accessories,3,85.5,256.5,Debit Card,Shipped
ORD-10821,CUST-9009,2024-01-07,PROD-112,Leather Laptop Backpack,Accessories,2,85.5,171.0,Bank Transfer,Processing
ORD-10822,CUST-1331,2024-03-13,PROD-112,Leather Laptop Backpack,Accessories,1,85.5,85.5,Debit Card,Shipped
ORD-10823,CUST-1597,2024-02-20,PROD-110,Espresso Coffee Machine,Home & Kitchen,4,299.99,1199.96,Bank Transfer,Shipped
ORD-10824,CUST-1868,2024-01-12,PROD-107,Organic Cotton Bed Sheets Set,Home & Kitchen,1,75.0,75.0,Credit Card,Delivered
ORD-10825,CUST-1149,2023-10-22,PROD-101,Wireless Noise-Canceling Headphones,Electronics,1,199.99,199.99,Debit Card,Delivered
ORD-10826,CUST-1165,2023-10-08,PROD-105,4K Ultra HD Monitor 27-inch,Electronics,3,329.0,987.0,Credit Card,Cancelled
ORD-10827,CUST-1303,2023-09-09,PROD-104,Stainless Steel Water Bottle,Home & Kitchen,5,24.99,124.95,Debit Card,Shipped
ORD-10828,CUST-1105,2023-10-28,PROD-110,Espresso Coffee Machine,Home & Kitchen,5,299.99,1499.95,Bank Transfer,Shipped
ORD-10829,CUST-1524,2024-02-25,PROD-112,Leather Laptop Backpack,Accessories,3,85.5,256.5,Credit Card,Delivered
ORD-10830,CUST-9025,2024-01-20,PROD-107,Organic Cotton Bed Sheets Set,Home & Kitchen,3,75.0,225.0,Credit Card,Delivered
ORD-10831,CUST-1258,2024-03-18,PROD-104,Stainless Steel Water Bottle,Home & Kitchen,5,24.99,124.95,Apple Pay,Shipped
ORD-10832,CUST-1934,2024-03-12,PROD-111,Running Shoes Pro,Apparel,3,110.0,330.0,Bank Transfer,Delivered
ORD-10833,CUST-1618,2023-11-15,PROD-104,Stainless Steel Water Bottle,Home & Kitchen,2,24.99,49.98,Apple Pay,Shipped
ORD-10834,CUST-1700,2023-10-15,PROD-102,Ergonomic Office Chair,Furniture,2,249.5,499.0,Bank Transfer,Shipped
ORD-10835,CUST-1042,2024-01-21,PROD-107,Organic Cotton Bed Sheets Set,Home & Kitchen,3,75.0,225.0,Debit Card,Delivered
ORD-10836,CUST-1599,2023-11-24,PROD-105,4K Ultra HD Monitor 27-inch,Electronics,1,329.0,329.0,Apple Pay,Delivered
ORD-10837,CUST-1159,2023-11-22,PROD-101,Wireless Noise-Canceling Headphones,Electronics,2,199.99,399.98,Bank Transfer,Cancelled
ORD-10838,CUST-1955,2024-02-17,PROD-111,Running Shoes Pro,Apparel,5,110.0,550.0,Debit Card,Delivered
ORD-10839,CUST-1587,2023-09-19,PROD-109,Portable Bluetooth Speaker,Electronics,3,59.99,179.97,Debit Card,Delivered
ORD-10840,CUST-1980,2023-09-18,PROD-103,Mechanical Gaming Keyboard,Electronics,5,89.99,449.95,Bank Transfer,Delivered
ORD-10841,CUST-1557,2023-09-24,PROD-109,Portable Bluetooth Speaker,Electronics,4,59.99,239.96,Debit Card,Shipped
ORD-10842,CUST-1219,2023-11-24,PROD-111,Running Shoes Pro,Apparel,3,110.0,330.0,Debit Card,Delivered
ORD-10843,CUST-1974,2023-12-31,PROD-110,Espresso Coffee Machine,Home & Kitchen,5,299.99,1499.95,Bank Transfer,Shipped
ORD-10844,CUST-1665,2024-02-19,PROD-101,Wireless Noise-Canceling Headphones,Electronics,1,199.99,199.99,Debit Card,Returned
ORD-10845,CUST-1927,2024-02-07,PROD-111,Running Shoes Pro,Apparel,5,110.0,550.0,PayPal,Shipped
ORD-10846,CUST-9044,2024-03-22,PROD-106,Standing Desk Converter,Furniture,4,179.99,719.96,Credit Card,Delivered
ORD-10847,CUST-1554,2023-09-07,PROD-112,Leather Laptop Backpack,Accessories,3,85.5,256.5,Bank Transfer,Shipped
ORD-10848,CUST-1384,2023-12-24,PROD-109,Portable Bluetooth Speaker,Electronics,5,59.99,299.95,Apple Pay,Returned
ORD-10849,CUST-1920,2023-11-22,PROD-111,Running Shoes Pro,Apparel,2,110.0,220.0,Bank Transfer,Delivered
ORD-10850,CUST-1099,2024-01-15,PROD-103,Mechanical Gaming Keyboard,Electronics,5,89.99,449.95,Credit Card,Delivered
ORD-10851,CUST-1216,2024-02-23,PROD-111,Running Shoes Pro,Apparel,2,110.0,220.0,Apple Pay,Shipped
ORD-10852,CUST-1211,2024-02-13,PROD-109,Portable Bluetooth Speaker,Electronics,4,59.99,239.96,Credit Card,Delivered
ORD-10853,CUST-1158,2024-03-02,PROD-101,Wireless Noise-Canceling Headphones,Electronics,4,199.99,799.96,Debit Card,Shipped
ORD-10854,CUST-1076,2024-03-22,PROD-101,Wireless Noise-Canceling Headphones,Electronics,2,199.99,399.98,Debit Card,Processing
ORD-10855,CUST-1589,2023-12-14,PROD-104,Stainless Steel Water Bottle,Home & Kitchen,3,24.99,74.97,Apple Pay,Shipped
ORD-10856,CUST-1415,2023-09-05,PROD-107,Organic Cotton Bed Sheets Set,Home & Kitchen,3,75.0,225.0,Apple Pay,Shipped
ORD-10857,CUST-1548,2023-09-17,PROD-101,Wireless Noise-Canceling Headphones,Electronics,5,199.99,999.95,Bank Transfer,Shipped
ORD-10858,CUST-1869,2024-01-07,PROD-102,Ergonomic Office Chair,Furniture,3,249.5,748.5,Credit Card,Delivered
ORD-10859,CUST-1703,2023-09-23,PROD-105,4K Ultra HD Monitor 27-inch,Electronics,5,329.0,1645.0,Debit Card,Delivered
ORD-10860,CUST-1449,2024-03-29,PROD-107,Organic Cotton Bed Sheets Set,Home & Kitchen,4,75.0,300.0,Credit Card,Shipped
ORD-10861,CUST-1547,2024-03-10,PROD-104,Stainless Steel Water Bottle,Home & Kitchen,2,24.99,49.98,Apple Pay,Delivered
ORD-10862,CUST-1870,2024-02-10,PROD-109,Portable Bluetooth Speaker,Electronics,3,59.99,179.97,PayPal,Delivered
ORD-10863,CUST-1909,2023-09-03,PROD-112,Leather Laptop Backpack,Accessories,3,85.5,256.5,Bank Transfer,Delivered
ORD-10864,CUST-1145,2023-09-02,PROD-102,Ergonomic Office Chair,Furniture,1,249.5,249.5,Bank Transfer,Delivered
ORD-10865,CUST-1551,2023-11-18,PROD-109,Portable Bluetooth Speaker,Electronics,1,59.99,59.99,PayPal,Delivered
ORD-10866,CUST-1926,2023-10-25,PROD-112,Leather Laptop Backpack,Accessories,3,85.5,256.5,Apple Pay,Delivered
ORD-10867,CUST-9033,2023-10-18,PROD-103,Mechanical Gaming Keyboard,Electronics,2,89.99,179.98,PayPal,Shipped
ORD-10868,CUST-1259,2023-10-17,PROD-104,Stainless Steel Water Bottle,Home & Kitchen,1,24.99,24.99,Bank Transfer,Shipped
ORD-10869,CUST-1872,2024-02-13,PROD-109,Portable Bluetooth Speaker,Electronics,4,59.99,239.96,Bank Transfer,Processing
ORD-10870,CUST-1688,2023-09-26,PROD-102,Ergonomic Office Chair,Furniture,3,249.5,748.5,PayPal,Cancelled
ORD-10871,CUST-1499,2023-10-03,PROD-106,Standing Desk Converter,Furniture,3,179.99,539.97,PayPal,Delivered
ORD-10872,CUST-1635,2023-11-21,PROD-102,Ergonomic Office Chair,Furniture,2,249.5,499.0,Apple Pay,Shipped
ORD-10873,CUST-1632,2024-02-25,PROD-111,Running Shoes Pro,Apparel,3,110.0,330.0,Bank Transfer,Delivered
ORD-10874,CUST-1581,2023-12-19,PROD-106,Standing Desk Converter,Furniture,3,179.99,539.97,PayPal,Delivered
ORD-10875,CUST-1253,2023-11-10,PROD-104,Stainless Steel Water Bottle,Home & Kitchen,4,24.99,99.96,Debit Card,Shipped
ORD-10876,CUST-1751,2023-12-28,PROD-106,Standing Desk Converter,Furniture,4,179.99,719.96,Apple Pay,Shipped
ORD-10877,CUST-1313,2023-09-28,PROD-108,Fitness Smartwatch v2,Wearables,5,149.95,749.75,PayPal,Delivered
ORD-10878,CUST-1084,2024-01-16,PROD-105,4K Ultra HD Monitor 27-inch,Electronics,2,329.0,658.0,PayPal,Delivered
ORD-10879,CUST-1908,2024-03-05,PROD-111,Running Shoes Pro,Apparel,1,110.0,110.0,Credit Card,Shipped
ORD-10880,CUST-1870,2024-03-27,PROD-109,Portable Bluetooth Speaker,Electronics,1,59.99,59.99,Bank Transfer,Shipped
ORD-10881,CUST-1788,2023-09-10,PROD-110,Espresso Coffee Machine,Home & Kitchen,2,299.99,599.98,Bank Transfer,Shipped
ORD-10882,CUST-1916,2024-02-15,PROD-109,Portable Bluetooth Speaker,Electronics,4,59.99,239.96,PayPal,Delivered
ORD-10883,CUST-1229,2023-10-05,PROD-110,Espresso Coffee Machine,Home & Kitchen,3,299.99,899.97,Apple Pay,Shipped
ORD-10884,CUST-1093,2024-01-07,PROD-107,Organic Cotton Bed Sheets Set,Home & Kitchen,3,75.0,225.0,Credit Card,Shipped
ORD-10885,CUST-1869,2024-03-12,PROD-110,Espresso Coffee Machine,Home & Kitchen,2,299.99,599.98,Bank Transfer,Delivered
ORD-10886,CUST-1164,2024-01-23,PROD-103,Mechanical Gaming Keyboard,Electronics,5,89.99,449.95,PayPal,Shipped
ORD-10887,CUST-1496,2023-10-27,PROD-106,Standing Desk Converter,Furniture,1,179.99,179.99,Apple Pay,Delivered
ORD-10888,CUST-1271,2023-09-11,PROD-106,Standing Desk Converter,Furniture,2,179.99,359.98,PayPal,Shipped
ORD-10889,CUST-1811,2023-12-30,PROD-106,Standing Desk Converter,Furniture,4,179.99,719.96,Apple Pay,Shipped
ORD-10890,CUST-1041,2023-09-27,PROD-111,Running Shoes Pro,Apparel,3,110.0,330.0,Bank Transfer,Shipped
ORD-10891,CUST-1281,2024-01-27,PROD-112,Leather Laptop Backpack,Accessories,3,85.5,256.5,Bank Transfer,Delivered
ORD-10892,CUST-1386,2023-12-03,PROD-111,Running Shoes Pro,Apparel,4,110.0,440.0,Bank Transfer,Processing
ORD-10893,CUST-1856,2023-11-04,PROD-102,Ergonomic Office Chair,Furniture,5,249.5,1247.5,Apple Pay,Processing
ORD-10894,CUST-9015,2023-11-30,PROD-109,Portable Bluetooth Speaker,Electronics,4,59.99,239.96,Debit Card,Delivered
ORD-10895,CUST-1494,2024-01-07,PROD-110,Espresso Coffee Machine,Home & Kitchen,1,299.99,299.99,PayPal,Delivered
ORD-10896,CUST-1236,2024-02-12,PROD-102,Ergonomic Office Chair,Furniture,5,249.5,1247.5,Debit Card,Shipped
ORD-10897,CUST-1192,2024-02-02,PROD-103,Mechanical Gaming Keyboard,Electronics,3,89.99,269.97,Credit Card,Shipped
ORD-10898,CUST-1425,2024-01-02,PROD-106,Standing Desk Converter,Furniture,1,179.99,179.99,Apple Pay,Processing
ORD-10899,CUST-1605,2023-09-06,PROD-103,Mechanical Gaming Keyboard,Electronics,4,89.99,359.96,PayPal,Shipped
ORD-10900,CUST-1588,2023-10-05,PROD-110,Espresso Coffee Machine,Home & Kitchen,2,299.99,599.98,Bank Transfer,Shipped
ORD-10901,CUST-1587,2023-10-13,PROD-103,Mechanical Gaming Keyboard,Electronics,1,89.99,89.99,Debit Card,Shipped
ORD-10902,CUST-9034,2024-01-23,PROD-107,Organic Cotton Bed Sheets Set,Home & Kitchen,5,75.0,375.0,Credit Card,Shipped
ORD-10903,CUST-1746,2023-09-22,PROD-111,Running Shoes Pro,Apparel,3,110.0,330.0,PayPal,Shipped
ORD-10904,CUST-1483,2023-10-27,PROD-108,Fitness Smartwatch v2,Wearables,2,149.95,299.9,Apple Pay,Delivered
ORD-10905,CUST-1814,2024-02-07,PROD-110,Espresso Coffee Machine,Home & Kitchen,2,299.99,599.98,Bank Transfer,Delivered
ORD-10906,CUST-1742,2023-12-26,PROD-111,Running Shoes Pro,Apparel,3,110.0,330.0,Bank Transfer,Processing
ORD-10907,CUST-1236,2023-10-04,PROD-107,Organic Cotton Bed Sheets Set,Home & Kitchen,4,75.0,300.0,Credit Card,Processing
ORD-10908,CUST-1536,2024-03-30,PROD-109,Portable Bluetooth Speaker,Electronics,4,59.99,239.96,PayPal,Shipped
ORD-10909,CUST-1182,2024-02-01,PROD-108,Fitness Smartwatch v2,Wearables,5,149.95,749.75,Credit Card,Shipped
ORD-10910,CUST-1545,2023-09-24,PROD-109,Portable Bluetooth Speaker,Electronics,1,59.99,59.99,Apple Pay,Delivered
ORD-10911,CUST-1924,2024-03-30,PROD-110,Espresso Coffee Machine,Home & Kitchen,5,299.99,1499.95,Credit Card,Delivered
ORD-10912,CUST-1794,2024-01-12,PROD-111,Running Shoes Pro,Apparel,4,110.0,440.0,Apple Pay,Shipped
ORD-10913,CUST-1045,2023-12-19,PROD-112,Leather Laptop Backpack,Accessories,5,85.5,427.5,PayPal,Delivered
ORD-10914,CUST-9031,2024-01-29,PROD-107,Organic Cotton Bed Sheets Set,Home & Kitchen,3,75.0,225.0,Bank Transfer,Delivered
ORD-10915,CUST-1138,2024-03-15,PROD-105,4K Ultra HD Monitor 27-inch,Electronics,4,329.0,1316.0,PayPal,Delivered
ORD-10916,CUST-9006,2024-01-18,PROD-105,4K Ultra HD Monitor 27-inch,Electronics,5,329.0,1645.0,Apple Pay,Delivered
ORD-10917,CUST-1006,2024-01-26,PROD-112,Leather Laptop Backpack,Accessories,1,85.5,85.5,Bank Transfer,Shipped
ORD-10918,CUST-1008,2024-02-24,PROD-107,Organic Cotton Bed Sheets Set,Home & Kitchen,2,75.0,150.0,Debit Card,Cancelled
ORD-10919,CUST-1110,2024-02-14,PROD-103,Mechanical Gaming Keyboard,Electronics,4,89.99,359.96,Bank Transfer,Delivered
ORD-10920,CUST-1876,2024-01-23,PROD-109,Portable Bluetooth Speaker,Electronics,4,59.99,239.96,Debit Card,Shipped
ORD-10921,CUST-1697,2023-12-15,PROD-107,Organic Cotton Bed Sheets Set,Home & Kitchen,2,75.0,150.0,Bank Transfer,Processing
ORD-10922,CUST-1495,2024-01-22,PROD-103,Mechanical Gaming Keyboard,Electronics,3,89.99,269.97,Bank Transfer,Delivered
ORD-10923,CUST-1315,2024-03-17,PROD-110,Espresso Coffee Machine,Home & Kitchen,3,299.99,899.97,Apple Pay,Processing
ORD-10924,CUST-1876,2024-03-10,PROD-111,Running Shoes Pro,Apparel,1,110.0,110.0,PayPal,Delivered
ORD-10925,CUST-1717,2023-10-25,PROD-103,Mechanical Gaming Keyboard,Electronics,1,89.99,89.99,Bank Transfer,Delivered
ORD-10926,CUST-1347,2024-02-26,PROD-109,Portable Bluetooth Speaker,Electronics,5,59.99,299.95,Credit Card,Shipped
ORD-10927,CUST-1988,2024-03-24,PROD-111,Running Shoes Pro,Apparel,1,110.0,110.0,Credit Card,Shipped
ORD-10928,CUST-1483,2023-09-23,PROD-110,Espresso Coffee Machine,Home & Kitchen,4,299.99,1199.96,Credit Card,Delivered
ORD-10929,CUST-1380,2023-09-10,PROD-102,Ergonomic Office Chair,Furniture,5,249.5,1247.5,Apple Pay,Delivered
ORD-10930,CUST-9026,2023-11-13,PROD-110,Espresso Coffee Machine,Home & Kitchen,5,299.99,1499.95,Bank Transfer,Shipped
ORD-10931,CUST-1793,2023-12-22,PROD-103,Mechanical Gaming Keyboard,Electronics,4,89.99,359.96,Credit Card,Shipped
ORD-10932,CUST-1673,2023-10-20,PROD-109,Portable Bluetooth Speaker,Electronics,3,59.99,179.97,Credit Card,Processing
ORD-10933,CUST-1523,2024-02-05,PROD-109,Portable Bluetooth Speaker,Electronics,2,59.99,119.98,PayPal,Returned
ORD-10934,CUST-1369,2023-10-11,PROD-104,Stainless Steel Water Bottle,Home & Kitchen,1,24.99,24.99,Credit Card,Delivered
ORD-10935,CUST-9026,2023-12-13,PROD-106,Standing Desk Converter,Furniture,4,179.99,719.96,Bank Transfer,Shipped
ORD-10936,CUST-1016,2023-09-24,PROD-112,Leather Laptop Backpack,Accessories,1,85.5,85.5,Bank Transfer,Shipped
ORD-10937,CUST-1850,2023-11-29,PROD-109,Portable Bluetooth Speaker,Electronics,5,59.99,299.95,Debit Card,Shipped
ORD-10938,CUST-9018,2023-10-20,PROD-104,Stainless Steel Water Bottle,Home & Kitchen,5,24.99,124.95,Apple Pay,Cancelled
ORD-10939,CUST-9037,2023-10-15,PROD-101,Wireless Noise-Canceling Headphones,Electronics,3,199.99,599.97,Apple Pay,Shipped
ORD-10940,CUST-1573,2023-11-15,PROD-102,Ergonomic Office Chair,Furniture,5,249.5,1247.5,Debit Card,Delivered
ORD-10941,CUST-9033,2024-03-27,PROD-105,4K Ultra HD Monitor 27-inch,Electronics,5,329.0,1645.0,Bank Transfer,Shipped
ORD-10942,CUST-1454,2024-01-02,PROD-107,Organic Cotton Bed Sheets Set,Home & Kitchen,5,75.0,375.0,PayPal,Delivered
ORD-10943,CUST-1985,2024-01-29,PROD-108,Fitness Smartwatch v2,Wearables,4,149.95,599.8,Credit Card,Delivered
ORD-10944,CUST-1265,2024-02-10,PROD-102,Ergonomic Office Chair,Furniture,4,249.5,998.0,PayPal,Processing
ORD-10945,CUST-1236,2023-11-30,PROD-106,Standing Desk Converter,Furniture,4,179.99,719.96,Bank Transfer,Shipped
ORD-10946,CUST-1718,2023-11-13,PROD-105,4K Ultra HD Monitor 27-inch,Electronics,2,329.0,658.0,Credit Card,Shipped
ORD-10947,CUST-1767,2024-01-20,PROD-106,Standing Desk Converter,Furniture,1,179.99,179.99,PayPal,Shipped
ORD-10948,CUST-1363,2023-11-08,PROD-104,Stainless Steel Water Bottle,Home & Kitchen,5,24.99,124.95,PayPal,Cancelled
ORD-10949,CUST-9044,2024-03-07,PROD-104,Stainless Steel Water Bottle,Home & Kitchen,4,24.99,99.96,PayPal,Processing
ORD-10950,CUST-1248,2023-10-29,PROD-105,4K Ultra HD Monitor 27-inch,Electronics,2,329.0,658.0,PayPal,Delivered
ORD-10951,CUST-1857,2023-10-10,PROD-110,Espresso Coffee Machine,Home & Kitchen,3,299.99,899.97,Credit Card,Delivered
ORD-10952,CUST-1081,2024-02-05,PROD-111,Running Shoes Pro,Apparel,4,110.0,440.0,Credit Card,Delivered
ORD-10953,CUST-1555,2023-12-05,PROD-101,Wireless Noise-Canceling Headphones,Electronics,4,199.99,799.96,Bank Transfer,Shipped
ORD-10954,CUST-1920,2024-01-04,PROD-110,Espresso Coffee Machine,Home & Kitchen,3,299.99,899.97,PayPal,Cancelled
ORD-10955,CUST-9033,2023-10-27,PROD-105,4K Ultra HD Monitor 27-inch,Electronics,4,329.0,1316.0,Bank Transfer,Delivered
ORD-10956,CUST-1539,2024-01-17,PROD-107,Organic Cotton Bed Sheets Set,Home & Kitchen,4,75.0,300.0,Credit Card,Delivered
ORD-10957,CUST-1404,2023-12-27,PROD-111,Running Shoes Pro,Apparel,2,110.0,220.0,Credit Card,Delivered
ORD-10958,CUST-1472,2023-09-04,PROD-106,Standing Desk Converter,Furniture,1,179.99,179.99,PayPal,Shipped
ORD-10959,CUST-1104,2024-02-04,PROD-106,Standing Desk Converter,Furniture,3,179.99,539.97,Debit Card,Shipped
ORD-10960,CUST-1270,2023-12-30,PROD-104,Stainless Steel Water Bottle,Home & Kitchen,3,24.99,74.97,Bank Transfer,Delivered
ORD-10961,CUST-1189,2023-10-24,PROD-108,Fitness Smartwatch v2,Wearables,4,149.95,599.8,Apple Pay,Shipped
ORD-10962,CUST-1382,2023-11-11,PROD-106,Standing Desk Converter,Furniture,4,179.99,719.96,Apple Pay,Delivered
ORD-10963,CUST-1135,2024-03-27,PROD-110,Espresso Coffee Machine,Home & Kitchen,2,299.99,599.98,Credit Card,Shipped
ORD-10964,CUST-1824,2023-12-20,PROD-104,Stainless Steel Water Bottle,Home & Kitchen,5,24.99,124.95,Apple Pay,Delivered
ORD-10965,CUST-1820,2023-12-31,PROD-112,Leather Laptop Backpack,Accessories,2,85.5,171.0,Credit Card,Shipped
ORD-10966,CUST-1512,2024-01-15,PROD-103,Mechanical Gaming Keyboard,Electronics,5,89.99,449.95,Debit Card,Delivered
ORD-10967,CUST-1308,2024-01-24,PROD-105,4K Ultra HD Monitor 27-inch,Electronics,5,329.0,1645.0,Credit Card,Delivered
ORD-10968,CUST-1708,2023-10-26,PROD-103,Mechanical Gaming Keyboard,Electronics,1,89.99,89.99,Debit Card,Shipped
ORD-10969,CUST-1645,2024-03-09,PROD-102,Ergonomic Office Chair,Furniture,4,249.5,998.0,Debit Card,Delivered
ORD-10970,CUST-1369,2024-03-26,PROD-109,Portable Bluetooth Speaker,Electronics,5,59.99,299.95,Debit Card,Delivered
ORD-10971,CUST-1422,2024-02-21,PROD-102,Ergonomic Office Chair,Furniture,3,249.5,748.5,Bank Transfer,Delivered
ORD-10972,CUST-1590,2023-10-15,PROD-111,Running Shoes Pro,Apparel,5,110.0,550.0,Debit Card,Cancelled
ORD-10973,CUST-1690,2024-03-17,PROD-109,Portable Bluetooth Speaker,Electronics,4,59.99,239.96,Apple Pay,Delivered
ORD-10974,CUST-1391,2023-12-28,PROD-110,Espresso Coffee Machine,Home & Kitchen,3,299.99,899.97,PayPal,Shipped
ORD-10975,CUST-1656,2024-02-09,PROD-106,Standing Desk Converter,Furniture,4,179.99,719.96,Bank Transfer,Shipped
ORD-10976,CUST-1870,2023-10-12,PROD-102,Ergonomic Office Chair,Furniture,1,249.5,249.5,Debit Card,Shipped
ORD-10977,CUST-1325,2024-02-29,PROD-111,Running Shoes Pro,Apparel,3,110.0,330.0,Debit Card,Delivered
ORD-10978,CUST-1405,2024-03-18,PROD-105,4K Ultra HD Monitor 27-inch,Electronics,4,329.0,1316.0,Debit Card,Shipped
ORD-10979,CUST-1534,2023-10-13,PROD-108,Fitness Smartwatch v2,Wearables,4,149.95,599.8,PayPal,Delivered
ORD-10980,CUST-1129,2024-02-17,PROD-112,Leather Laptop Backpack,Accessories,2,85.5,171.0,Debit Card,Delivered
ORD-10981,CUST-9045,2023-10-24,PROD-112,Leather Laptop Backpack,Accessories,1,85.5,85.5,PayPal,Shipped
ORD-10982,CUST-1098,2024-01-19,PROD-102,Ergonomic Office Chair,Furniture,4,249.5,998.0,Credit Card,Delivered
ORD-10983,CUST-1407,2023-09-27,PROD-109,Portable Bluetooth Speaker,Electronics,1,59.99,59.99,Debit Card,Shipped
ORD-10984,CUST-1087,2023-11-19,PROD-111,Running Shoes Pro,Apparel,4,110.0,440.0,PayPal,Shipped
ORD-10985,CUST-1291,2023-10-04,PROD-108,Fitness Smartwatch v2,Wearables,2,149.95,299.9,Bank Transfer,Delivered
ORD-10986,CUST-1030,2023-11-23,PROD-101,Wireless Noise-Canceling Headphones,Electronics,3,199.99,599.97,Apple Pay,Delivered
ORD-10987,CUST-1892,2024-01-19,PROD-109,Portable Bluetooth Speaker,Electronics,3,59.99,179.97,Apple Pay,Delivered
ORD-10988,CUST-1972,2023-10-16,PROD-112,Leather Laptop Backpack,Accessories,5,85.5,427.5,Bank Transfer,Delivered
ORD-10989,CUST-1647,2023-12-21,PROD-112,Leather Laptop Backpack,Accessories,5,85.5,427.5,Bank Transfer,Shipped
ORD-10990,CUST-1547,2024-01-02,PROD-105,4K Ultra HD Monitor 27-inch,Electronics,3,329.0,987.0,Bank Transfer,Processing
ORD-10991,CUST-1092,2023-12-03,PROD-108,Fitness Smartwatch v2,Wearables,3,149.95,449.85,Apple Pay,Delivered
ORD-10992,CUST-1311,2024-01-12,PROD-101,Wireless Noise-Canceling Headphones,Electronics,1,199.99,199.99,PayPal,Delivered
ORD-10993,CUST-1481,2024-02-24,PROD-109,Portable Bluetooth Speaker,Electronics,1,59.99,59.99,Apple Pay,Shipped
ORD-10994,CUST-9031,2024-03-15,PROD-105,4K Ultra HD Monitor 27-inch,Electronics,1,329.0,329.0,Apple Pay,Delivered
ORD-10995,CUST-1612,2024-01-19,PROD-104,Stainless Steel Water Bottle,Home & Kitchen,1,24.99,24.99,Debit Card,Delivered
ORD-10996,CUST-1904,2023-12-11,PROD-109,Portable Bluetooth Speaker,Electronics,4,59.99,239.96,PayPal,Shipped
ORD-10997,CUST-1755,2024-03-31,PROD-111,Running Shoes Pro,Apparel,4,110.0,440.0,Apple Pay,Cancelled
ORD-10998,CUST-1082,2024-01-11,PROD-107,Organic Cotton Bed Sheets Set,Home & Kitchen,2,75.0,150.0,Bank Transfer,Shipped
ORD-10999,CUST-1702,2024-02-14,PROD-105,4K Ultra HD Monitor 27-inch,Electronics,3,329.0,987.0,Bank Transfer,Cancelled
ORD-11000,CUST-1423,2023-10-17,PROD-104,Stainless Steel Water Bottle,Home & Kitchen,1,24.99,24.99,PayPal,Delivered
ORD-11001,CUST-1653,2023-12-25,PROD-108,Fitness Smartwatch v2,Wearables,5,149.95,749.75,Debit Card,Shipped
ORD-11002,CUST-1504,2023-09-05,PROD-104,Stainless Steel Water Bottle,Home & Kitchen,3,24.99,74.97,PayPal,Delivered
ORD-11003,CUST-1548,2023-09-27,PROD-101,Wireless Noise-Canceling Headphones,Electronics,2,199.99,399.98,Debit Card,Processing
ORD-11004,CUST-1733,2023-10-30,PROD-108,Fitness Smartwatch v2,Wearables,1,149.95,149.95,Credit Card,Delivered
ORD-11005,CUST-1506,2023-12-17,PROD-104,Stainless Steel Water Bottle,Home & Kitchen,3,24.99,74.97,Debit Card,Processing
ORD-11006,CUST-1511,2024-02-26,PROD-106,Standing Desk Converter,Furniture,4,179.99,719.96,Credit Card,Delivered
ORD-11007,CUST-1864,2023-11-08,PROD-103,Mechanical Gaming Keyboard,Electronics,1,89.99,89.99,Apple Pay,Delivered
ORD-11008,CUST-1482,2023-11-04,PROD-103,Mechanical Gaming Keyboard,Electronics,2,89.99,179.98,Apple Pay,Processing
ORD-11009,CUST-1125,2023-12-08,PROD-112,Leather Laptop Backpack,Accessories,2,85.5,171.0,Apple Pay,Shipped
ORD-11010,CUST-1035,2024-03-07,PROD-104,Stainless Steel Water Bottle,Home & Kitchen,4,24.99,99.96,Credit Card,Delivered
ORD-11011,CUST-1214,2024-02-22,PROD-108,Fitness Smartwatch v2,Wearables,4,149.95,599.8,Debit Card,Shipped
ORD-11012,CUST-9011,2024-03-09,PROD-111,Running Shoes Pro,Apparel,1,110.0,110.0,Bank Transfer,Returned
ORD-11013,CUST-1260,2023-10-21,PROD-108,Fitness Smartwatch v2,Wearables,3,149.95,449.85,Debit Card,Cancelled
ORD-11014,CUST-1885,2023-09-29,PROD-111,Running Shoes Pro,Apparel,2,110.0,220.0,PayPal,Shipped
ORD-11015,CUST-1333,2024-03-22,PROD-101,Wireless Noise-Canceling Headphones,Electronics,2,199.99,399.98,Debit Card,Delivered
ORD-11016,CUST-1406,2023-09-11,PROD-104,Stainless Steel Water Bottle,Home & Kitchen,1,24.99,24.99,Bank Transfer,Cancelled
ORD-11017,CUST-1487,2023-10-10,PROD-112,Leather Laptop Backpack,Accessories,5,85.5,427.5,Debit Card,Shipped
ORD-11018,CUST-1255,2023-09-24,PROD-103,Mechanical Gaming Keyboard,Electronics,4,89.99,359.96,Bank Transfer,Delivered
ORD-11019,CUST-1993,2023-09-16,PROD-111,Running Shoes Pro,Apparel,1,110.0,110.0,Debit Card,Cancelled
ORD-11020,CUST-1719,2023-10-03,PROD-109,Portable Bluetooth Speaker,Electronics,1,59.99,59.99,Apple Pay,Shipped
ORD-11021,CUST-1572,2024-03-25,PROD-111,Running Shoes Pro,Apparel,3,110.0,330.0,Apple Pay,Delivered
ORD-11022,CUST-1022,2023-12-01,PROD-112,Leather Laptop Backpack,Accessories,4,85.5,342.0,PayPal,Shipped
ORD-11023,CUST-1041,2024-01-22,PROD-108,Fitness Smartwatch v2,Wearables,4,149.95,599.8,Debit Card,Cancelled
ORD-11024,CUST-1502,2023-10-18,PROD-104,Stainless Steel Water Bottle,Home & Kitchen,5,24.99,124.95,Bank Transfer,Returned
ORD-11025,CUST-1750,2024-03-31,PROD-108,Fitness Smartwatch v2,Wearables,3,149.95,449.85,Bank Transfer,Cancelled
ORD-11026,CUST-9036,2024-01-14,PROD-103,Mechanical Gaming Keyboard,Electronics,1,89.99,89.99,PayPal,Delivered
ORD-11027,CUST-1840,2023-12-03,PROD-105,4K Ultra HD Monitor 27-inch,Electronics,5,329.0,1645.0,Apple Pay,Processing
ORD-11028,CUST-1654,2024-03-06,PROD-109,Portable Bluetooth Speaker,Electronics,4,59.99,239.96,PayPal,Processing
ORD-11029,CUST-1635,2023-11-01,PROD-106,Standing Desk Converter,Furniture,5,179.99,899.95,Debit Card,Shipped
ORD-11030,CUST-1675,2023-10-19,PROD-109,Portable Bluetooth Speaker,Electronics,4,59.99,239.96,Bank Transfer,Processing
ORD-11031,CUST-1785,2024-02-04,PROD-109,Portable Bluetooth Speaker,Electronics,2,59.99,119.98,Debit Card,Shipped
ORD-11032,CUST-1657,2023-09-25,PROD-106,Standing Desk Converter,Furniture,1,179.99,179.99,Bank Transfer,Delivered
ORD-11033,CUST-1045,2023-09-09,PROD-103,Mechanical Gaming Keyboard,Electronics,2,89.99,179.98,PayPal,Shipped
ORD-11034,CUST-1197,2024-01-25,PROD-102,Ergonomic Office Chair,Furniture,1,249.5,249.5,Apple Pay,Shipped
ORD-11035,CUST-1539,2023-11-05,PROD-110,Espresso Coffee Machine,Home & Kitchen,5,299.99,1499.95,Credit Card,Shipped
ORD-11036,CUST-1621,2023-09-04,PROD-112,Leather Laptop Backpack,Accessories,1,85.5,85.5,PayPal,Delivered
ORD-11037,CUST-1951,2024-03-24,PROD-102,Ergonomic Office Chair,Furniture,4,249.5,998.0,Credit Card,Shipped
ORD-11038,CUST-1762,2024-03-22,PROD-107,Organic Cotton Bed Sheets Set,Home & Kitchen,3,75.0,225.0,Credit Card,Delivered
ORD-11039,CUST-1273,2024-03-06,PROD-109,Portable Bluetooth Speaker,Electronics,1,59.99,59.99,Credit Card,Shipped
ORD-11040,CUST-1080,2023-09-25,PROD-104,Stainless Steel Water Bottle,Home & Kitchen,5,24.99,124.95,Credit Card,Shipped
ORD-11041,CUST-1545,2023-10-20,PROD-107,Organic Cotton Bed Sheets Set,Home & Kitchen,2,75.0,150.0,Bank Transfer,Delivered
ORD-11042,CUST-1584,2024-01-21,PROD-111,Running Shoes Pro,Apparel,2,110.0,220.0,Bank Transfer,Delivered
ORD-11043,CUST-1109,2023-12-01,PROD-111,Running Shoes Pro,Apparel,5,110.0,550.0,Apple Pay,Shipped
ORD-11044,CUST-1438,2024-03-21,PROD-102,Ergonomic Office Chair,Furniture,2,249.5,499.0,PayPal,Delivered
ORD-11045,CUST-1517,2024-01-15,PROD-106,Standing Desk Converter,Furniture,2,179.99,359.98,Bank Transfer,Processing
ORD-11046,CUST-1361,2023-11-23,PROD-106,Standing Desk Converter,Furniture,5,179.99,899.95,Debit Card,Delivered
ORD-11047,CUST-1649,2024-02-03,PROD-107,Organic Cotton Bed Sheets Set,Home & Kitchen,3,75.0,225.0,PayPal,Shipped
ORD-11048,CUST-1220,2024-03-09,PROD-107,Organic Cotton Bed Sheets Set,Home & Kitchen,5,75.0,375.0,Debit Card,Shipped
ORD-11049,CUST-1464,2023-09-01,PROD-108,Fitness Smartwatch v2,Wearables,4,149.95,599.8,Credit Card,Processing
ORD-11050,CUST-9039,2023-10-05,PROD-101,Wireless Noise-Canceling Headphones,Electronics,5,199.99,999.95,Debit Card,Shipped
ORD-11051,CUST-1228,2023-09-06,PROD-104,Stainless Steel Water Bottle,Home & Kitchen,3,24.99,74.97,Debit Card,Processing
ORD-11052,CUST-9033,2024-01-25,PROD-109,Portable Bluetooth Speaker,Electronics,5,59.99,299.95,PayPal,Delivered
ORD-11053,CUST-1472,2023-10-06,PROD-106,Standing Desk Converter,Furniture,2,179.99,359.98,Debit Card,Cancelled
ORD-11054,CUST-1597,2023-11-05,PROD-104,Stainless Steel Water Bottle,Home & Kitchen,2,24.99,49.98,Debit Card,Delivered
ORD-11055,CUST-1410,2024-03-06,PROD-110,Espresso Coffee Machine,Home & Kitchen,2,299.99,599.98,Credit Card,Returned
ORD-11056,CUST-1812,2024-01-03,PROD-108,Fitness Smartwatch v2,Wearables,2,149.95,299.9,Bank Transfer,Delivered
ORD-11057,CUST-1098,2023-09-10,PROD-110,Espresso Coffee Machine,Home & Kitchen,3,299.99,899.97,Bank Transfer,Delivered
ORD-11058,CUST-1799,2023-11-29,PROD-101,Wireless Noise-Canceling Headphones,Electronics,3,199.99,599.97,Apple Pay,Delivered
ORD-11059,CUST-1889,2024-03-10,PROD-102,Ergonomic Office Chair,Furniture,2,249.5,499.0,Bank Transfer,Delivered
ORD-11060,CUST-9041,2023-09-14,PROD-111,Running Shoes Pro,Apparel,4,110.0,440.0,Debit Card,Delivered
ORD-11061,CUST-1327,2023-10-09,PROD-109,Portable Bluetooth Speaker,Electronics,5,59.99,299.95,Debit Card,Processing
ORD-11062,CUST-1227,2024-02-20,PROD-103,Mechanical Gaming Keyboard,Electronics,1,89.99,89.99,Apple Pay,Returned
ORD-11063,CUST-9049,2024-01-08,PROD-110,Espresso Coffee Machine,Home & Kitchen,5,299.99,1499.95,Credit Card,Delivered
ORD-11064,CUST-1297,2023-10-04,PROD-107,Organic Cotton Bed Sheets Set,Home & Kitchen,2,75.0,150.0,Debit Card,Delivered
ORD-11065,CUST-1586,2024-01-19,PROD-112,Leather Laptop Backpack,Accessories,1,85.5,85.5,Apple Pay,Delivered
ORD-11066,CUST-1409,2024-03-17,PROD-109,Portable Bluetooth Speaker,Electronics,4,59.99,239.96,PayPal,Delivered
ORD-11067,CUST-1493,2024-01-03,PROD-109,Portable Bluetooth Speaker,Electronics,2,59.99,119.98,Apple Pay,Shipped
ORD-11068,CUST-1201,2024-03-07,PROD-109,Portable Bluetooth Speaker,Electronics,5,59.99,299.95,Bank Transfer,Shipped
ORD-11069,CUST-1074,2023-11-22,PROD-105,4K Ultra HD Monitor 27-inch,Electronics,4,329.0,1316.0,Bank Transfer,Delivered
ORD-11070,CUST-1688,2023-12-03,PROD-107,Organic Cotton Bed Sheets Set,Home & Kitchen,4,75.0,300.0,Debit Card,Shipped
ORD-11071,CUST-1353,2024-03-16,PROD-110,Espresso Coffee Machine,Home & Kitchen,1,299.99,299.99,Debit Card,Shipped
ORD-11072,CUST-1359,2024-02-07,PROD-110,Espresso Coffee Machine,Home & Kitchen,4,299.99,1199.96,PayPal,Shipped
ORD-11073,CUST-1947,2024-02-23,PROD-104,Stainless Steel Water Bottle,Home & Kitchen,2,24.99,49.98,Debit Card,Shipped
ORD-11074,CUST-1746,2024-03-08,PROD-102,Ergonomic Office Chair,Furniture,1,249.5,249.5,Credit Card,Shipped
ORD-11075,CUST-1636,2023-09-04,PROD-103,Mechanical Gaming Keyboard,Electronics,3,89.99,269.97,Debit Card,Returned
ORD-11076,CUST-1114,2023-12-30,PROD-105,4K Ultra HD Monitor 27-inch,Electronics,4,329.0,1316.0,Credit Card,Delivered
ORD-11077,CUST-1758,2023-10-23,PROD-109,Portable Bluetooth Speaker,Electronics,2,59.99,119.98,Bank Transfer,Delivered
ORD-11078,CUST-1265,2024-02-07,PROD-109,Portable Bluetooth Speaker,Electronics,4,59.99,239.96,PayPal,Delivered
ORD-11079,CUST-1685,2024-01-28,PROD-101,Wireless Noise-Canceling Headphones,Electronics,4,199.99,799.96,Bank Transfer,Shipped
ORD-11080,CUST-1175,2023-10-22,PROD-101,Wireless Noise-Canceling Headphones,Electronics,3,199.99,599.97,Bank Transfer,Cancelled
ORD-11081,CUST-1477,2023-09-18,PROD-111,Running Shoes Pro,Apparel,1,110.0,110.0,Apple Pay,Delivered
ORD-11082,CUST-1679,2023-09-28,PROD-111,Running Shoes Pro,Apparel,3,110.0,330.0,Credit Card,Shipped
ORD-11083,CUST-1905,2023-10-30,PROD-111,Running Shoes Pro,Apparel,4,110.0,440.0,Apple Pay,Delivered
ORD-11084,CUST-1727,2024-01-03,PROD-102,Ergonomic Office Chair,Furniture,3,249.5,748.5,Bank Transfer,Processing
ORD-11085,CUST-1191,2023-12-27,PROD-104,Stainless Steel Water Bottle,Home & Kitchen,5,24.99,124.95,Bank Transfer,Cancelled
ORD-11086,CUST-9002,2024-01-14,PROD-101,Wireless Noise-Canceling Headphones,Electronics,2,199.99,399.98,Debit Card,Delivered
ORD-11087,CUST-1403,2023-09-05,PROD-112,Leather Laptop Backpack,Accessories,2,85.5,171.0,Debit Card,Delivered
ORD-11088,CUST-1364,2023-10-31,PROD-111,Running Shoes Pro,Apparel,3,110.0,330.0,Bank Transfer,Shipped
ORD-11089,CUST-1064,2023-12-09,PROD-111,Running Shoes Pro,Apparel,3,110.0,330.0,Credit Card,Returned
ORD-11090,CUST-9018,2023-11-27,PROD-104,Stainless Steel Water Bottle,Home & Kitchen,2,24.99,49.98,Apple Pay,Shipped
ORD-11091,CUST-1090,2024-01-12,PROD-112,Leather Laptop Backpack,Accessories,4,85.5,342.0,Bank Transfer,Cancelled
ORD-11092,CUST-1703,2023-11-01,PROD-104,Stainless Steel Water Bottle,Home & Kitchen,4,24.99,99.96,Bank Transfer,Delivered
ORD-11093,CUST-1994,2023-11-24,PROD-105,4K Ultra HD Monitor 27-inch,Electronics,5,329.0,1645.0,Apple Pay,Delivered
ORD-11094,CUST-1212,2024-01-27,PROD-111,Running Shoes Pro,Apparel,2,110.0,220.0,Bank Transfer,Delivered
ORD-11095,CUST-1208,2024-02-24,PROD-103,Mechanical Gaming Keyboard,Electronics,3,89.99,269.97,Bank Transfer,Shipped
ORD-11096,CUST-9028,2023-10-11,PROD-103,Mechanical Gaming Keyboard,Electronics,5,89.99,449.95,Debit Card,Shipped
ORD-11097,CUST-1546,2023-10-18,PROD-112,Leather Laptop Backpack,Accessories,1,85.5,85.5,Debit Card,Shipped
ORD-11098,CUST-1150,2024-03-14,PROD-112,Leather Laptop Backpack,Accessories,1,85.5,85.5,Debit Card,Shipped
ORD-11099,CUST-1424,2023-12-23,PROD-107,Organic Cotton Bed Sheets Set,Home & Kitchen,3,75.0,225.0,Debit Card,Delivered
ORD-11100,CUST-1193,2023-10-18,PROD-102,Ergonomic Office Chair,Furniture,2,249.5,499.0,Credit Card,Delivered
ORD-11101,CUST-1627,2024-02-03,PROD-110,Espresso Coffee Machine,Home & Kitchen,3,299.99,899.97,Bank Transfer,Shipped
ORD-11102,CUST-1611,2024-02-23,PROD-104,Stainless Steel Water Bottle,Home & Kitchen,2,24.99,49.98,Credit Card,Returned
ORD-11103,CUST-1705,2024-01-07,PROD-108,Fitness Smartwatch v2,Wearables,2,149.95,299.9,Bank Transfer,Processing
ORD-11104,CUST-1666,2023-12-09,PROD-106,Standing Desk Converter,Furniture,2,179.99,359.98,Apple Pay,Cancelled
ORD-11105,CUST-1168,2023-09-09,PROD-104,Stainless Steel Water Bottle,Home & Kitchen,2,24.99,49.98,Apple Pay,Returned
ORD-11106,CUST-1016,2023-10-27,PROD-105,4K Ultra HD Monitor 27-inch,Electronics,4,329.0,1316.0,PayPal,Shipped
ORD-11107,CUST-1068,2024-02-05,PROD-103,Mechanical Gaming Keyboard,Electronics,4,89.99,359.96,Apple Pay,Delivered
ORD-11108,CUST-1888,2023-12-19,PROD-108,Fitness Smartwatch v2,Wearables,2,149.95,299.9,Apple Pay,Delivered
ORD-11109,CUST-1623,2024-03-03,PROD-112,Leather Laptop Backpack,Accessories,4,85.5,342.0,Debit Card,Delivered
ORD-11110,CUST-1962,2024-01-31,PROD-112,Leather Laptop Backpack,Accessories,5,85.5,427.5,Bank Transfer,Shipped
ORD-11111,CUST-1897,2024-01-12,PROD-112,Leather Laptop Backpack,Accessories,1,85.5,85.5,Credit Card,Processing
ORD-11112,CUST-1847,2024-01-11,PROD-101,Wireless Noise-Canceling Headphones,Electronics,2,199.99,399.98,Bank Transfer,Shipped
ORD-11113,CUST-1753,2023-12-09,PROD-101,Wireless Noise-Canceling Headphones,Electronics,5,199.99,999.95,Bank Transfer,Shipped
ORD-11114,CUST-1986,2023-11-14,PROD-101,Wireless Noise-Canceling Headphones,Electronics,2,199.99,399.98,Apple Pay,Delivered
ORD-11115,CUST-1312,2023-10-13,PROD-105,4K Ultra HD Monitor 27-inch,Electronics,4,329.0,1316.0,Apple Pay,Delivered
ORD-11116,CUST-1942,2023-10-07,PROD-101,Wireless Noise-Canceling Headphones,Electronics,5,199.99,999.95,Apple Pay,Delivered
ORD-11117,CUST-1463,2023-09-29,PROD-102,Ergonomic Office Chair,Furniture,5,249.5,1247.5,PayPal,Shipped
ORD-11118,CUST-1961,2023-10-05,PROD-112,Leather Laptop Backpack,Accessories,5,85.5,427.5,Apple Pay,Processing
ORD-11119,CUST-1462,2023-12-26,PROD-101,Wireless Noise-Canceling Headphones,Electronics,2,199.99,399.98,Bank Transfer,Shipped
ORD-11120,CUST-1918,2023-09-24,PROD-104,Stainless Steel Water Bottle,Home & Kitchen,4,24.99,99.96,Debit Card,Shipped
ORD-11121,CUST-1665,2024-03-02,PROD-112,Leather Laptop Backpack,Accessories,2,85.5,171.0,Credit Card,Processing
ORD-11122,CUST-1724,2023-09-22,PROD-108,Fitness Smartwatch v2,Wearables,3,149.95,449.85,Bank Transfer,Cancelled
ORD-11123,CUST-1745,2023-10-11,PROD-109,Portable Bluetooth Speaker,Electronics,5,59.99,299.95,Apple Pay,Processing
ORD-11124,CUST-1045,2024-01-23,PROD-103,Mechanical Gaming Keyboard,Electronics,3,89.99,269.97,PayPal,Processing
ORD-11125,CUST-1149,2023-12-17,PROD-103,Mechanical Gaming Keyboard,Electronics,1,89.99,89.99,Debit Card,Delivered
ORD-11126,CUST-1788,2024-02-08,PROD-108,Fitness Smartwatch v2,Wearables,3,149.95,449.85,PayPal,Delivered
ORD-11127,CUST-1135,2024-02-07,PROD-104,Stainless Steel Water Bottle,Home & Kitchen,1,24.99,24.99,Debit Card,Shipped
ORD-11128,CUST-1510,2024-03-25,PROD-108,Fitness Smartwatch v2,Wearables,5,149.95,749.75,Credit Card,Delivered
ORD-11129,CUST-1506,2024-01-29,PROD-104,Stainless Steel Water Bottle,Home & Kitchen,2,24.99,49.98,Apple Pay,Delivered
ORD-11130,CUST-1453,2024-02-01,PROD-102,Ergonomic Office Chair,Furniture,5,249.5,1247.5,Credit Card,Shipped
ORD-11131,CUST-1561,2024-02-08,PROD-105,4K Ultra HD Monitor 27-inch,Electronics,5,329.0,1645.0,Bank Transfer,Delivered
ORD-11132,CUST-1213,2023-10-08,PROD-101,Wireless Noise-Canceling Headphones,Electronics,2,199.99,399.98,Credit Card,Delivered
ORD-11133,CUST-1038,2024-02-18,PROD-103,Mechanical Gaming Keyboard,Electronics,1,89.99,89.99,Bank Transfer,Shipped
ORD-11134,CUST-1306,2023-09-13,PROD-106,Standing Desk Converter,Furniture,1,179.99,179.99,Credit Card,Shipped
ORD-11135,CUST-1183,2024-02-04,PROD-103,Mechanical Gaming Keyboard,Electronics,3,89.99,269.97,Bank Transfer,Delivered
ORD-11136,CUST-1576,2024-03-10,PROD-103,Mechanical Gaming Keyboard,Electronics,4,89.99,359.96,Bank Transfer,Shipped
ORD-11137,CUST-1037,2023-11-22,PROD-102,Ergonomic Office Chair,Furniture,3,249.5,748.5,Debit Card,Processing
ORD-11138,CUST-1840,2024-01-19,PROD-102,Ergonomic Office Chair,Furniture,4,249.5,998.0,Credit Card,Delivered
ORD-11139,CUST-1138,2023-11-24,PROD-102,Ergonomic Office Chair,Furniture,3,249.5,748.5,Bank Transfer,Delivered
ORD-11140,CUST-1215,2024-02-04,PROD-112,Leather Laptop Backpack,Accessories,2,85.5,171.0,Credit Card,Delivered
ORD-11141,CUST-1748,2023-09-23,PROD-111,Running Shoes Pro,Apparel,5,110.0,550.0,Apple Pay,Processing
ORD-11142,CUST-1620,2023-12-19,PROD-112,Leather Laptop Backpack,Accessories,3,85.5,256.5,Bank Transfer,Shipped
ORD-11143,CUST-1266,2024-02-07,PROD-109,Portable Bluetooth Speaker,Electronics,5,59.99,299.95,Debit Card,Delivered
ORD-11144,CUST-9040,2024-01-12,PROD-110,Espresso Coffee Machine,Home & Kitchen,4,299.99,1199.96,Apple Pay,Delivered
ORD-11145,CUST-1185,2024-02-29,PROD-110,Espresso Coffee Machine,Home & Kitchen,2,299.99,599.98,Debit Card,Shipped
ORD-11146,CUST-9001,2023-12-29,PROD-102,Ergonomic Office Chair,Furniture,1,249.5,249.5,Credit Card,Processing
ORD-11147,CUST-1213,2023-12-15,PROD-110,Espresso Coffee Machine,Home & Kitchen,4,299.99,1199.96,Credit Card,Delivered
ORD-11148,CUST-1574,2023-09-03,PROD-111,Running Shoes Pro,Apparel,2,110.0,220.0,PayPal,Delivered
ORD-11149,CUST-1261,2023-11-16,PROD-102,Ergonomic Office Chair,Furniture,3,249.5,748.5,Bank Transfer,Processing
ORD-11150,CUST-1786,2024-02-23,PROD-101,Wireless Noise-Canceling Headphones,Electronics,1,199.99,199.99,Debit Card,Processing
ORD-11151,CUST-1742,2023-09-08,PROD-110,Espresso Coffee Machine,Home & Kitchen,5,299.99,1499.95,PayPal,Delivered
ORD-11152,CUST-1854,2023-12-31,PROD-106,Standing Desk Converter,Furniture,4,179.99,719.96,Credit Card,Processing
ORD-11153,CUST-1494,2024-01-16,PROD-103,Mechanical Gaming Keyboard,Electronics,4,89.99,359.96,Debit Card,Delivered
ORD-11154,CUST-1834,2024-01-12,PROD-107,Organic Cotton Bed Sheets Set,Home & Kitchen,1,75.0,75.0,Debit Card,Delivered
ORD-11155,CUST-1695,2024-01-16,PROD-106,Standing Desk Converter,Furniture,5,179.99,899.95,Credit Card,Delivered
ORD-11156,CUST-1702,2023-09-17,PROD-106,Standing Desk Converter,Furniture,3,179.99,539.97,PayPal,Delivered
ORD-11157,CUST-1032,2024-02-08,PROD-106,Standing Desk Converter,Furniture,4,179.99,719.96,Bank Transfer,Shipped
ORD-11158,CUST-1585,2023-10-18,PROD-110,Espresso Coffee Machine,Home & Kitchen,4,299.99,1199.96,Bank Transfer,Processing
ORD-11159,CUST-1802,2024-02-29,PROD-105,4K Ultra HD Monitor 27-inch,Electronics,3,329.0,987.0,Credit Card,Processing
ORD-11160,CUST-1089,2023-12-05,PROD-108,Fitness Smartwatch v2,Wearables,2,149.95,299.9,Apple Pay,Shipped
ORD-11161,CUST-1310,2023-11-17,PROD-104,Stainless Steel Water Bottle,Home & Kitchen,5,24.99,124.95,PayPal,Processing
ORD-11162,CUST-1804,2023-09-24,PROD-101,Wireless Noise-Canceling Headphones,Electronics,2,199.99,399.98,Apple Pay,Shipped
ORD-11163,CUST-1819,2023-10-10,PROD-108,Fitness Smartwatch v2,Wearables,5,149.95,749.75,PayPal,Shipped
ORD-11164,CUST-1496,2023-11-19,PROD-112,Leather Laptop Backpack,Accessories,5,85.5,427.5,Debit Card,Delivered
ORD-11165,CUST-1893,2024-02-21,PROD-102,Ergonomic Office Chair,Furniture,5,249.5,1247.5,PayPal,Shipped
ORD-11166,CUST-1038,2024-03-01,PROD-108,Fitness Smartwatch v2,Wearables,4,149.95,599.8,Bank Transfer,Processing
ORD-11167,CUST-1319,2023-09-23,PROD-101,Wireless Noise-Canceling Headphones,Electronics,5,199.99,999.95,Debit Card,Processing
ORD-11168,CUST-1048,2024-03-15,PROD-102,Ergonomic Office Chair,Furniture,5,249.5,1247.5,Debit Card,Delivered
ORD-11169,CUST-1777,2023-11-22,PROD-105,4K Ultra HD Monitor 27-inch,Electronics,2,329.0,658.0,PayPal,Shipped
ORD-11170,CUST-1284,2024-03-16,PROD-109,Portable Bluetooth Speaker,Electronics,3,59.99,179.97,Apple Pay,Shipped
ORD-11171,CUST-1280,2023-11-10,PROD-103,Mechanical Gaming Keyboard,Electronics,2,89.99,179.98,Credit Card,Delivered
ORD-11172,CUST-1638,2023-09-27,PROD-109,Portable Bluetooth Speaker,Electronics,5,59.99,299.95,PayPal,Returned
ORD-11173,CUST-1563,2023-10-07,PROD-106,Standing Desk Converter,Furniture,3,179.99,539.97,Debit Card,Delivered
ORD-11174,CUST-1176,2024-02-04,PROD-102,Ergonomic Office Chair,Furniture,3,249.5,748.5,Debit Card,Shipped
ORD-11175,CUST-1052,2023-12-30,PROD-103,Mechanical Gaming Keyboard,Electronics,1,89.99,89.99,Credit Card,Delivered
ORD-11176,CUST-1056,2023-12-10,PROD-102,Ergonomic Office Chair,Furniture,4,249.5,998.0,PayPal,Delivered
ORD-11177,CUST-1913,2024-02-05,PROD-110,Espresso Coffee Machine,Home & Kitchen,4,299.99,1199.96,Debit Card,Delivered
ORD-11178,CUST-1838,2023-09-21,PROD-104,Stainless Steel Water Bottle,Home & Kitchen,5,24.99,124.95,Apple Pay,Shipped
ORD-11179,CUST-1096,2023-09-25,PROD-112,Leather Laptop Backpack,Accessories,4,85.5,342.0,Apple Pay,Delivered
ORD-11180,CUST-1660,2023-12-30,PROD-112,Leather Laptop Backpack,Accessories,4,85.5,342.0,PayPal,Delivered
ORD-11181,CUST-9010,2023-12-03,PROD-110,Espresso Coffee Machine,Home & Kitchen,3,299.99,899.97,Apple Pay,Returned
ORD-11182,CUST-1940,2024-03-20,PROD-111,Running Shoes Pro,Apparel,3,110.0,330.0,Debit Card,Shipped
ORD-11183,CUST-1031,2023-09-29,PROD-102,Ergonomic Office Chair,Furniture,4,249.5,998.0,Debit Card,Delivered
ORD-11184,CUST-1867,2024-03-15,PROD-103,Mechanical Gaming Keyboard,Electronics,3,89.99,269.97,Debit Card,Cancelled
ORD-11185,CUST-1131,2023-12-13,PROD-109,Portable Bluetooth Speaker,Electronics,1,59.99,59.99,Credit Card,Shipped
ORD-11186,CUST-1666,2024-01-15,PROD-102,Ergonomic Office Chair,Furniture,3,249.5,748.5,Apple Pay,Cancelled
ORD-11187,CUST-1424,2023-11-02,PROD-104,Stainless Steel Water Bottle,Home & Kitchen,5,24.99,124.95,Bank Transfer,Delivered
ORD-11188,CUST-1494,2023-11-27,PROD-107,Organic Cotton Bed Sheets Set,Home & Kitchen,1,75.0,75.0,PayPal,Shipped
ORD-11189,CUST-1606,2024-01-24,PROD-107,Organic Cotton Bed Sheets Set,Home & Kitchen,4,75.0,300.0,Debit Card,Shipped
ORD-11190,CUST-1242,2024-03-08,PROD-103,Mechanical Gaming Keyboard,Electronics,1,89.99,89.99,Bank Transfer,Delivered
ORD-11191,CUST-1118,2023-12-28,PROD-110,Espresso Coffee Machine,Home & Kitchen,5,299.99,1499.95,Debit Card,Shipped
ORD-11192,CUST-1842,2023-11-18,PROD-108,Fitness Smartwatch v2,Wearables,2,149.95,299.9,Apple Pay,Delivered
ORD-11193,CUST-1112,2024-03-16,PROD-111,Running Shoes Pro,Apparel,5,110.0,550.0,Apple Pay,Shipped
ORD-11194,CUST-1661,2023-09-24,PROD-111,Running Shoes Pro,Apparel,1,110.0,110.0,PayPal,Delivered
ORD-11195,CUST-1909,2024-03-12,PROD-110,Espresso Coffee Machine,Home & Kitchen,1,299.99,299.99,PayPal,Shipped
ORD-11196,CUST-1464,2023-12-09,PROD-109,Portable Bluetooth Speaker,Electronics,3,59.99,179.97,Bank Transfer,Processing
ORD-11197,CUST-1201,2023-11-16,PROD-104,Stainless Steel Water Bottle,Home & Kitchen,3,24.99,74.97,Bank Transfer,Returned
ORD-11198,CUST-1696,2024-03-02,PROD-105,4K Ultra HD Monitor 27-inch,Electronics,4,329.0,1316.0,Debit Card,Returned
ORD-11199,CUST-9038,2024-01-09,PROD-101,Wireless Noise-Canceling Headphones,Electronics,5,199.99,999.95,Apple Pay,Delivered
ORD-11200,CUST-1873,2023-12-04,PROD-105,4K Ultra HD Monitor 27-inch,Electronics,1,329.0,329.0,Bank Transfer,Shipped
ORD-11201,CUST-9001,2024-03-29,PROD-112,Leather Laptop Backpack,Accessories,5,85.5,427.5,Debit Card,Delivered
ORD-11202,CUST-1289,2023-12-20,PROD-101,Wireless Noise-Canceling Headphones,Electronics,2,199.99,399.98,Bank Transfer,Shipped
ORD-11203,CUST-1326,2023-12-13,PROD-112,Leather Laptop Backpack,Accessories,4,85.5,342.0,Apple Pay,Shipped
ORD-11204,CUST-1217,2023-12-31,PROD-111,Running Shoes Pro,Apparel,2,110.0,220.0,PayPal,Shipped
ORD-11205,CUST-1394,2023-10-10,PROD-106,Standing Desk Converter,Furniture,4,179.99,719.96,Debit Card,Delivered
ORD-11206,CUST-9043,2023-09-03,PROD-103,Mechanical Gaming Keyboard,Electronics,2,89.99,179.98,Credit Card,Delivered
ORD-11207,CUST-1148,2024-02-16,PROD-112,Leather Laptop Backpack,Accessories,4,85.5,342.0,Apple Pay,Delivered
ORD-11208,CUST-9009,2024-02-12,PROD-102,Ergonomic Office Chair,Furniture,2,249.5,499.0,Apple Pay,Delivered
ORD-11209,CUST-1916,2023-12-18,PROD-112,Leather Laptop Backpack,Accessories,5,85.5,427.5,Bank Transfer,Shipped
ORD-11210,CUST-1522,2024-03-28,PROD-107,Organic Cotton Bed Sheets Set,Home & Kitchen,5,75.0,375.0,Apple Pay,Returned
ORD-11211,CUST-1232,2024-02-02,PROD-103,Mechanical Gaming Keyboard,Electronics,4,89.99,359.96,Credit Card,Delivered
ORD-11212,CUST-1868,2024-03-01,PROD-112,Leather Laptop Backpack,Accessories,2,85.5,171.0,Bank Transfer,Delivered
ORD-11213,CUST-1949,2023-12-03,PROD-109,Portable Bluetooth Speaker,Electronics,5,59.99,299.95,Credit Card,Shipped
ORD-11214,CUST-9037,2023-09-29,PROD-108,Fitness Smartwatch v2,Wearables,3,149.95,449.85,Bank Transfer,Delivered
ORD-11215,CUST-1708,2024-03-05,PROD-102,Ergonomic Office Chair,Furniture,2,249.5,499.0,Bank Transfer,Delivered
ORD-11216,CUST-9049,2024-01-11,PROD-105,4K Ultra HD Monitor 27-inch,Electronics,4,329.0,1316.0,Credit Card,Shipped
ORD-11217,CUST-1625,2023-12-30,PROD-102,Ergonomic Office Chair,Furniture,2,249.5,499.0,Credit Card,Shipped
ORD-11218,CUST-1553,2024-02-04,PROD-110,Espresso Coffee Machine,Home & Kitchen,3,299.99,899.97,Credit Card,Delivered
ORD-11219,CUST-9035,2023-12-26,PROD-101,Wireless Noise-Canceling Headphones,Electronics,4,199.99,799.96,Bank Transfer,Delivered
ORD-11220,CUST-9037,2023-12-17,PROD-112,Leather Laptop Backpack,Accessories,3,85.5,256.5,Debit Card,Shipped
ORD-11221,CUST-9019,2023-09-10,PROD-105,4K Ultra HD Monitor 27-inch,Electronics,2,329.0,658.0,Bank Transfer,Cancelled
ORD-11222,CUST-1745,2023-09-16,PROD-110,Espresso Coffee Machine,Home & Kitchen,3,299.99,899.97,Apple Pay,Shipped
ORD-11223,CUST-1587,2024-03-26,PROD-101,Wireless Noise-Canceling Headphones,Electronics,3,199.99,599.97,Bank Transfer,Delivered
ORD-11224,CUST-1497,2024-01-08,PROD-102,Ergonomic Office Chair,Furniture,2,249.5,499.0,Credit Card,Cancelled
ORD-11225,CUST-1285,2024-02-05,PROD-105,4K Ultra HD Monitor 27-inch,Electronics,2,329.0,658.0,Debit Card,Delivered
ORD-11226,CUST-1264,2024-02-02,PROD-101,Wireless Noise-Canceling Headphones,Electronics,1,199.99,199.99,PayPal,Delivered
ORD-11227,CUST-9048,2023-12-04,PROD-103,Mechanical Gaming Keyboard,Electronics,4,89.99,359.96,PayPal,Delivered
ORD-11228,CUST-1718,2023-10-17,PROD-104,Stainless Steel Water Bottle,Home & Kitchen,4,24.99,99.96,Bank Transfer,Shipped
ORD-11229,CUST-1352,2024-01-31,PROD-102,Ergonomic Office Chair,Furniture,2,249.5,499.0,PayPal,Returned
ORD-11230,CUST-1771,2023-10-31,PROD-107,Organic Cotton Bed Sheets Set,Home & Kitchen,4,75.0,300.0,Apple Pay,Delivered
ORD-11231,CUST-1172,2024-03-06,PROD-104,Stainless Steel Water Bottle,Home & Kitchen,5,24.99,124.95,Debit Card,Processing
ORD-11232,CUST-1271,2023-10-13,PROD-102,Ergonomic Office Chair,Furniture,1,249.5,249.5,Apple Pay,Shipped
ORD-11233,CUST-1309,2023-10-30,PROD-108,Fitness Smartwatch v2,Wearables,5,149.95,749.75,Apple Pay,Shipped
ORD-11234,CUST-1400,2023-10-08,PROD-108,Fitness Smartwatch v2,Wearables,3,149.95,449.85,Bank Transfer,Shipped
ORD-11235,CUST-1013,2023-12-07,PROD-105,4K Ultra HD Monitor 27-inch,Electronics,4,329.0,1316.0,Debit Card,Delivered
ORD-11236,CUST-9044,2024-01-15,PROD-101,Wireless Noise-Canceling Headphones,Electronics,1,199.99,199.99,Debit Card,Delivered
ORD-11237,CUST-9028,2023-11-25,PROD-110,Espresso Coffee Machine,Home & Kitchen,3,299.99,899.97,Debit Card,Processing
ORD-11238,CUST-1101,2023-12-10,PROD-105,4K Ultra HD Monitor 27-inch,Electronics,5,329.0,1645.0,Apple Pay,Delivered
ORD-11239,CUST-1768,2024-03-16,PROD-104,Stainless Steel Water Bottle,Home & Kitchen,5,24.99,124.95,PayPal,Returned
ORD-11240,CUST-1694,2023-11-20,PROD-112,Leather Laptop Backpack,Accessories,2,85.5,171.0,Bank Transfer,Shipped
ORD-11241,CUST-1009,2023-12-15,PROD-102,Ergonomic Office Chair,Furniture,1,249.5,249.5,Credit Card,Processing
ORD-11242,CUST-1702,2023-10-27,PROD-108,Fitness Smartwatch v2,Wearables,3,149.95,449.85,Debit Card,Delivered
ORD-11243,CUST-1035,2023-09-24,PROD-101,Wireless Noise-Canceling Headphones,Electronics,5,199.99,999.95,Credit Card,Delivered
ORD-11244,CUST-9043,2024-02-11,PROD-104,Stainless Steel Water Bottle,Home & Kitchen,5,24.99,124.95,Credit Card,Processing
ORD-11245,CUST-1123,2023-10-04,PROD-102,Ergonomic Office Chair,Furniture,5,249.5,1247.5,Apple Pay,Delivered
ORD-11246,CUST-1922,2024-03-24,PROD-111,Running Shoes Pro,Apparel,5,110.0,550.0,PayPal,Delivered
ORD-11247,CUST-1713,2023-11-15,PROD-103,Mechanical Gaming Keyboard,Electronics,3,89.99,269.97,Apple Pay,Shipped
ORD-11248,CUST-1078,2023-11-10,PROD-111,Running Shoes Pro,Apparel,4,110.0,440.0,Apple Pay,Shipped
ORD-11249,CUST-1684,2023-10-12,PROD-106,Standing Desk Converter,Furniture,3,179.99,539.97,Credit Card,Cancelled
ORD-11250,CUST-1064,2023-11-25,PROD-107,Organic Cotton Bed Sheets Set,Home & Kitchen,4,75.0,300.0,Credit Card,Delivered
ORD-11251,CUST-1833,2023-12-22,PROD-105,4K Ultra HD Monitor 27-inch,Electronics,2,329.0,658.0,Credit Card,Delivered
ORD-11252,CUST-1951,2023-12-10,PROD-104,Stainless Steel Water Bottle,Home & Kitchen,5,24.99,124.95,PayPal,Delivered
ORD-11253,CUST-1112,2024-03-15,PROD-103,Mechanical Gaming Keyboard,Electronics,5,89.99,449.95,Apple Pay,Shipped
ORD-11254,CUST-1659,2024-03-02,PROD-102,Ergonomic Office Chair,Furniture,4,249.5,998.0,Debit Card,Shipped
ORD-11255,CUST-1075,2024-03-05,PROD-102,Ergonomic Office Chair,Furniture,5,249.5,1247.5,Debit Card,Delivered
ORD-11256,CUST-1020,2024-02-15,PROD-108,Fitness Smartwatch v2,Wearables,2,149.95,299.9,Credit Card,Delivered
ORD-11257,CUST-9043,2023-10-09,PROD-107,Organic Cotton Bed Sheets Set,Home & Kitchen,3,75.0,225.0,Debit Card,Shipped
ORD-11258,CUST-9037,2024-02-29,PROD-101,Wireless Noise-Canceling Headphones,Electronics,5,199.99,999.95,Apple Pay,Delivered
ORD-11259,CUST-1414,2024-01-17,PROD-112,Leather Laptop Backpack,Accessories,1,85.5,85.5,PayPal,Shipped
ORD-11260,CUST-1978,2023-10-02,PROD-112,Leather Laptop Backpack,Accessories,4,85.5,342.0,Bank Transfer,Delivered
ORD-11261,CUST-1368,2023-12-12,PROD-106,Standing Desk Converter,Furniture,3,179.99,539.97,Credit Card,Shipped
ORD-11262,CUST-1982,2023-12-03,PROD-111,Running Shoes Pro,Apparel,1,110.0,110.0,Bank Transfer,Delivered
ORD-11263,CUST-1349,2024-03-13,PROD-102,Ergonomic Office Chair,Furniture,4,249.5,998.0,Debit Card,Shipped
ORD-11264,CUST-1181,2023-12-08,PROD-109,Portable Bluetooth Speaker,Electronics,1,59.99,59.99,PayPal,Delivered
ORD-11265,CUST-1400,2024-01-03,PROD-102,Ergonomic Office Chair,Furniture,3,249.5,748.5,Credit Card,Shipped
ORD-11266,CUST-1449,2023-10-06,PROD-112,Leather Laptop Backpack,Accessories,2,85.5,171.0,Credit Card,Shipped
ORD-11267,CUST-1738,2024-01-04,PROD-110,Espresso Coffee Machine,Home & Kitchen,2,299.99,599.98,Apple Pay,Delivered
ORD-11268,CUST-1554,2024-01-06,PROD-111,Running Shoes Pro,Apparel,3,110.0,330.0,Bank Transfer,Delivered
ORD-11269,CUST-9029,2023-11-26,PROD-101,Wireless Noise-Canceling Headphones,Electronics,1,199.99,199.99,Credit Card,Delivered
ORD-11270,CUST-1739,2023-10-01,PROD-101,Wireless Noise-Canceling Headphones,Electronics,4,199.99,799.96,PayPal,Shipped
ORD-11271,CUST-1684,2024-02-21,PROD-109,Portable Bluetooth Speaker,Electronics,4,59.99,239.96,Bank Transfer,Delivered
ORD-11272,CUST-1594,2023-09-10,PROD-104,Stainless Steel Water Bottle,Home & Kitchen,1,24.99,24.99,PayPal,Processing
ORD-11273,CUST-1020,2023-09-12,PROD-108,Fitness Smartwatch v2,Wearables,5,149.95,749.75,PayPal,Delivered
ORD-11274,CUST-1134,2024-02-09,PROD-101,Wireless Noise-Canceling Headphones,Electronics,2,199.99,399.98,Credit Card,Shipped
ORD-11275,CUST-9007,2023-10-14,PROD-108,Fitness Smartwatch v2,Wearables,5,149.95,749.75,Bank Transfer,Delivered
ORD-11276,CUST-1838,2024-01-06,PROD-102,Ergonomic Office Chair,Furniture,1,249.5,249.5,Bank Transfer,Shipped
ORD-11277,CUST-1226,2023-12-19,PROD-102,Ergonomic Office Chair,Furniture,2,249.5,499.0,Debit Card,Shipped
ORD-11278,CUST-1756,2023-11-23,PROD-111,Running Shoes Pro,Apparel,4,110.0,440.0,Credit Card,Returned
ORD-11279,CUST-9037,2023-11-22,PROD-109,Portable Bluetooth Speaker,Electronics,2,59.99,119.98,PayPal,Shipped
ORD-11280,CUST-1608,2023-09-17,PROD-103,Mechanical Gaming Keyboard,Electronics,3,89.99,269.97,Credit Card,Delivered
ORD-11281,CUST-1776,2024-02-26,PROD-107,Organic Cotton Bed Sheets Set,Home & Kitchen,2,75.0,150.0,Debit Card,Delivered
ORD-11282,CUST-1450,2023-09-11,PROD-104,Stainless Steel Water Bottle,Home & Kitchen,5,24.99,124.95,PayPal,Delivered
ORD-11283,CUST-1868,2023-12-06,PROD-111,Running Shoes Pro,Apparel,5,110.0,550.0,PayPal,Delivered
ORD-11284,CUST-1499,2023-09-02,PROD-102,Ergonomic Office Chair,Furniture,1,249.5,249.5,PayPal,Shipped
ORD-11285,CUST-9046,2023-11-12,PROD-111,Running Shoes Pro,Apparel,5,110.0,550.0,Apple Pay,Shipped
ORD-11286,CUST-1812,2023-10-23,PROD-108,Fitness Smartwatch v2,Wearables,2,149.95,299.9,PayPal,Delivered
ORD-11287,CUST-1536,2023-11-01,PROD-108,Fitness Smartwatch v2,Wearables,4,149.95,599.8,PayPal,Shipped
ORD-11288,CUST-1039,2024-03-02,PROD-110,Espresso Coffee Machine,Home & Kitchen,2,299.99,599.98,Apple Pay,Delivered
ORD-11289,CUST-1091,2023-11-29,PROD-111,Running Shoes Pro,Apparel,3,110.0,330.0,Apple Pay,Shipped
ORD-11290,CUST-1242,2024-01-14,PROD-104,Stainless Steel Water Bottle,Home & Kitchen,1,24.99,24.99,Credit Card,Shipped
ORD-11291,CUST-1884,2023-10-27,PROD-109,Portable Bluetooth Speaker,Electronics,5,59.99,299.95,Apple Pay,Delivered
ORD-11292,CUST-1676,2023-09-14,PROD-104,Stainless Steel Water Bottle,Home & Kitchen,3,24.99,74.97,PayPal,Shipped
ORD-11293,CUST-1153,2024-01-06,PROD-111,Running Shoes Pro,Apparel,4,110.0,440.0,PayPal,Delivered
ORD-11294,CUST-1945,2024-02-13,PROD-101,Wireless Noise-Canceling Headphones,Electronics,1,199.99,199.99,Debit Card,Delivered
ORD-11295,CUST-1446,2024-02-05,PROD-105,4K Ultra HD Monitor 27-inch,Electronics,3,329.0,987.0,Apple Pay,Processing
ORD-11296,CUST-1759,2023-10-16,PROD-101,Wireless Noise-Canceling Headphones,Electronics,5,199.99,999.95,PayPal,Shipped
ORD-11297,CUST-1497,2023-09-19,PROD-109,Portable Bluetooth Speaker,Electronics,1,59.99,59.99,PayPal,Shipped
ORD-11298,CUST-1607,2023-12-17,PROD-110,Espresso Coffee Machine,Home & Kitchen,3,299.99,899.97,PayPal,Shipped
ORD-11299,CUST-1920,2024-03-18,PROD-106,Standing Desk Converter,Furniture,2,179.99,359.98,Credit Card,Delivered
ORD-11300,CUST-1101,2023-10-22,PROD-104,Stainless Steel Water Bottle,Home & Kitchen,4,24.99,99.96,Apple Pay,Delivered
ORD-11301,CUST-1076,2024-01-03,PROD-108,Fitness Smartwatch v2,Wearables,5,149.95,749.75,Credit Card,Shipped
ORD-11302,CUST-1149,2023-12-26,PROD-104,Stainless Steel Water Bottle,Home & Kitchen,5,24.99,124.95,PayPal,Cancelled
ORD-11303,CUST-1140,2024-02-09,PROD-108,Fitness Smartwatch v2,Wearables,2,149.95,299.9,Debit Card,Shipped
ORD-11304,CUST-9013,2023-09-09,PROD-106,Standing Desk Converter,Furniture,2,179.99,359.98,Bank Transfer,Delivered
ORD-11305,CUST-1140,2023-12-27,PROD-102,Ergonomic Office Chair,Furniture,4,249.5,998.0,Apple Pay,Delivered
ORD-11306,CUST-1352,2024-02-02,PROD-104,Stainless Steel Water Bottle,Home & Kitchen,3,24.99,74.97,PayPal,Processing
ORD-11307,CUST-1654,2024-01-26,PROD-110,Espresso Coffee Machine,Home & Kitchen,2,299.99,599.98,Bank Transfer,Delivered
ORD-11308,CUST-1089,2024-01-04,PROD-107,Organic Cotton Bed Sheets Set,Home & Kitchen,5,75.0,375.0,PayPal,Processing
ORD-11309,CUST-1858,2023-09-04,PROD-108,Fitness Smartwatch v2,Wearables,3,149.95,449.85,Apple Pay,Shipped
ORD-11310,CUST-1253,2023-12-21,PROD-104,Stainless Steel Water Bottle,Home & Kitchen,3,24.99,74.97,Bank Transfer,Processing
ORD-11311,CUST-1950,2024-01-25,PROD-110,Espresso Coffee Machine,Home & Kitchen,2,299.99,599.98,Credit Card,Shipped
ORD-11312,CUST-1046,2024-03-06,PROD-101,Wireless Noise-Canceling Headphones,Electronics,4,199.99,799.96,Bank Transfer,Processing
ORD-11313,CUST-1544,2024-03-26,PROD-107,Organic Cotton Bed Sheets Set,Home & Kitchen,4,75.0,300.0,Credit Card,Delivered
ORD-11314,CUST-1247,2024-03-11,PROD-102,Ergonomic Office Chair,Furniture,5,249.5,1247.5,Credit Card,Processing
ORD-11315,CUST-1417,2023-12-01,PROD-104,Stainless Steel Water Bottle,Home & Kitchen,2,24.99,49.98,Debit Card,Delivered
ORD-11316,CUST-1093,2024-02-19,PROD-101,Wireless Noise-Canceling Headphones,Electronics,4,199.99,799.96,Debit Card,Delivered
ORD-11317,CUST-1471,2023-09-07,PROD-110,Espresso Coffee Machine,Home & Kitchen,5,299.99,1499.95,Apple Pay,Delivered
ORD-11318,CUST-1142,2023-10-18,PROD-112,Leather Laptop Backpack,Accessories,4,85.5,342.0,Debit Card,Delivered
ORD-11319,CUST-1721,2024-02-08,PROD-111,Running Shoes Pro,Apparel,1,110.0,110.0,Credit Card,Shipped
ORD-11320,CUST-1708,2023-09-09,PROD-106,Standing Desk Converter,Furniture,5,179.99,899.95,Debit Card,Shipped
ORD-11321,CUST-1277,2024-01-17,PROD-112,Leather Laptop Backpack,Accessories,5,85.5,427.5,Bank Transfer,Shipped
ORD-11322,CUST-1807,2024-02-06,PROD-111,Running Shoes Pro,Apparel,1,110.0,110.0,Debit Card,Shipped
ORD-11323,CUST-1057,2023-09-14,PROD-109,Portable Bluetooth Speaker,Electronics,3,59.99,179.97,Credit Card,Processing
ORD-11324,CUST-1477,2023-12-03,PROD-110,Espresso Coffee Machine,Home & Kitchen,1,299.99,299.99,Debit Card,Shipped
ORD-11325,CUST-1573,2024-01-22,PROD-112,Leather Laptop Backpack,Accessories,1,85.5,85.5,PayPal,Returned
ORD-11326,CUST-1343,2023-09-30,PROD-104,Stainless Steel Water Bottle,Home & Kitchen,5,24.99,124.95,Apple Pay,Shipped
ORD-11327,CUST-1771,2024-03-11,PROD-110,Espresso Coffee Machine,Home & Kitchen,2,299.99,599.98,PayPal,Shipped
ORD-11328,CUST-1920,2024-02-22,PROD-105,4K Ultra HD Monitor 27-inch,Electronics,5,329.0,1645.0,Apple Pay,Delivered
ORD-11329,CUST-1065,2023-12-25,PROD-106,Standing Desk Converter,Furniture,3,179.99,539.97,Apple Pay,Delivered
ORD-11330,CUST-1850,2024-02-29,PROD-102,Ergonomic Office Chair,Furniture,4,249.5,998.0,Bank Transfer,Delivered
ORD-11331,CUST-1546,2024-02-06,PROD-105,4K Ultra HD Monitor 27-inch,Electronics,4,329.0,1316.0,Debit Card,Delivered
ORD-11332,CUST-1969,2023-10-19,PROD-112,Leather Laptop Backpack,Accessories,1,85.5,85.5,Apple Pay,Delivered
ORD-11333,CUST-1401,2023-09-20,PROD-103,Mechanical Gaming Keyboard,Electronics,3,89.99,269.97,Credit Card,Shipped
ORD-11334,CUST-1115,2024-01-06,PROD-112,Leather Laptop Backpack,Accessories,2,85.5,171.0,PayPal,Returned
ORD-11335,CUST-1534,2023-11-15,PROD-111,Running Shoes Pro,Apparel,1,110.0,110.0,Apple Pay,Returned
ORD-11336,CUST-9035,2023-11-28,PROD-103,Mechanical Gaming Keyboard,Electronics,4,89.99,359.96,Apple Pay,Delivered
ORD-11337,CUST-1661,2023-10-19,PROD-101,Wireless Noise-Canceling Headphones,Electronics,3,199.99,599.97,Credit Card,Shipped
ORD-11338,CUST-1822,2024-02-13,PROD-104,Stainless Steel Water Bottle,Home & Kitchen,5,24.99,124.95,Debit Card,Delivered
ORD-11339,CUST-1352,2024-01-03,PROD-111,Running Shoes Pro,Apparel,3,110.0,330.0,Bank Transfer,Shipped
ORD-11340,CUST-1543,2023-12-27,PROD-109,Portable Bluetooth Speaker,Electronics,4,59.99,239.96,Debit Card,Shipped
ORD-11341,CUST-1920,2024-03-21,PROD-105,4K Ultra HD Monitor 27-inch,Electronics,2,329.0,658.0,Debit Card,Shipped
ORD-11342,CUST-1381,2023-10-08,PROD-105,4K Ultra HD Monitor 27-inch,Electronics,1,329.0,329.0,Debit Card,Delivered
ORD-11343,CUST-1980,2023-10-12,PROD-103,Mechanical Gaming Keyboard,Electronics,5,89.99,449.95,Bank Transfer,Processing
ORD-11344,CUST-1997,2023-10-12,PROD-103,Mechanical Gaming Keyboard,Electronics,2,89.99,179.98,PayPal,Delivered
ORD-11345,CUST-1325,2023-12-22,PROD-110,Espresso Coffee Machine,Home & Kitchen,2,299.99,599.98,Debit Card,Delivered
ORD-11346,CUST-1211,2024-02-18,PROD-109,Portable Bluetooth Speaker,Electronics,1,59.99,59.99,Debit Card,Delivered
ORD-11347,CUST-9010,2024-01-17,PROD-106,Standing Desk Converter,Furniture,4,179.99,719.96,PayPal,Shipped
ORD-11348,CUST-1125,2024-01-06,PROD-101,Wireless Noise-Canceling Headphones,Electronics,4,199.99,799.96,PayPal,Delivered
ORD-11349,CUST-9021,2024-03-08,PROD-103,Mechanical Gaming Keyboard,Electronics,1,89.99,89.99,Bank Transfer,Returned
ORD-11350,CUST-9022,2023-12-31,PROD-111,Running Shoes Pro,Apparel,3,110.0,330.0,Debit Card,Shipped
ORD-11351,CUST-9049,2024-03-23,PROD-110,Espresso Coffee Machine,Home & Kitchen,2,299.99,599.98,Bank Transfer,Processing
ORD-11352,CUST-1945,2024-02-24,PROD-108,Fitness Smartwatch v2,Wearables,3,149.95,449.85,Credit Card,Delivered
ORD-11353,CUST-1922,2024-02-21,PROD-101,Wireless Noise-Canceling Headphones,Electronics,2,199.99,399.98,Bank Transfer,Delivered
ORD-11354,CUST-1026,2023-10-27,PROD-107,Organic Cotton Bed Sheets Set,Home & Kitchen,5,75.0,375.0,Apple Pay,Delivered
ORD-11355,CUST-1335,2024-02-12,PROD-101,Wireless Noise-Canceling Headphones,Electronics,5,199.99,999.95,PayPal,Delivered
ORD-11356,CUST-1228,2023-09-06,PROD-105,4K Ultra HD Monitor 27-inch,Electronics,2,329.0,658.0,Credit Card,Processing
ORD-11357,CUST-1457,2024-01-10,PROD-111,Running Shoes Pro,Apparel,1,110.0,110.0,Apple Pay,Cancelled
ORD-11358,CUST-1326,2024-01-09,PROD-110,Espresso Coffee Machine,Home & Kitchen,5,299.99,1499.95,Credit Card,Delivered
ORD-11359,CUST-9024,2024-03-02,PROD-107,Organic Cotton Bed Sheets Set,Home & Kitchen,2,75.0,150.0,Apple Pay,Shipped
ORD-11360,CUST-1382,2023-11-28,PROD-101,Wireless Noise-Canceling Headphones,Electronics,3,199.99,599.97,Debit Card,Delivered
ORD-11361,CUST-1457,2023-10-26,PROD-109,Portable Bluetooth Speaker,Electronics,1,59.99,59.99,Apple Pay,Cancelled
ORD-11362,CUST-1426,2023-10-12,PROD-108,Fitness Smartwatch v2,Wearables,3,149.95,449.85,Apple Pay,Shipped
ORD-11363,CUST-1425,2024-02-01,PROD-103,Mechanical Gaming Keyboard,Electronics,5,89.99,449.95,Credit Card,Delivered
ORD-11364,CUST-1311,2023-11-25,PROD-108,Fitness Smartwatch v2,Wearables,5,149.95,749.75,Credit Card,Delivered
ORD-11365,CUST-9038,2023-09-02,PROD-107,Organic Cotton Bed Sheets Set,Home & Kitchen,1,75.0,75.0,Apple Pay,Delivered
ORD-11366,CUST-1280,2024-01-21,PROD-107,Organic Cotton Bed Sheets Set,Home & Kitchen,2,75.0,150.0,Apple Pay,Shipped
ORD-11367,CUST-1774,2023-10-18,PROD-103,Mechanical Gaming Keyboard,Electronics,2,89.99,179.98,Apple Pay,Delivered
ORD-11368,CUST-1503,2024-01-28,PROD-101,Wireless Noise-Canceling Headphones,Electronics,3,199.99,599.97,Debit Card,Cancelled
ORD-11369,CUST-1758,2023-09-07,PROD-108,Fitness Smartwatch v2,Wearables,2,149.95,299.9,Credit Card,Shipped
ORD-11370,CUST-1308,2023-10-02,PROD-111,Running Shoes Pro,Apparel,4,110.0,440.0,Debit Card,Shipped
ORD-11371,CUST-1504,2023-09-08,PROD-112,Leather Laptop Backpack,Accessories,2,85.5,171.0,Credit Card,Returned
ORD-11372,CUST-1505,2024-03-09,PROD-102,Ergonomic Office Chair,Furniture,5,249.5,1247.5,Debit Card,Shipped
ORD-11373,CUST-1580,2024-02-08,PROD-107,Organic Cotton Bed Sheets Set,Home & Kitchen,3,75.0,225.0,Apple Pay,Processing
ORD-11374,CUST-9008,2024-03-06,PROD-106,Standing Desk Converter,Furniture,5,179.99,899.95,Bank Transfer,Delivered
ORD-11375,CUST-1266,2023-09-15,PROD-103,Mechanical Gaming Keyboard,Electronics,5,89.99,449.95,PayPal,Shipped
ORD-11376,CUST-1900,2023-12-01,PROD-112,Leather Laptop Backpack,Accessories,2,85.5,171.0,PayPal,Processing
ORD-11377,CUST-1370,2023-09-13,PROD-107,Organic Cotton Bed Sheets Set,Home & Kitchen,3,75.0,225.0,Debit Card,Delivered
ORD-11378,CUST-1655,2023-10-20,PROD-102,Ergonomic Office Chair,Furniture,5,249.5,1247.5,PayPal,Delivered
ORD-11379,CUST-1614,2023-11-22,PROD-103,Mechanical Gaming Keyboard,Electronics,5,89.99,449.95,Debit Card,Delivered
ORD-11380,CUST-1702,2024-02-23,PROD-105,4K Ultra HD Monitor 27-inch,Electronics,3,329.0,987.0,Debit Card,Delivered
ORD-11381,CUST-1594,2023-09-04,PROD-106,Standing Desk Converter,Furniture,2,179.99,359.98,PayPal,Shipped
ORD-11382,CUST-1382,2023-11-27,PROD-108,Fitness Smartwatch v2,Wearables,4,149.95,599.8,PayPal,Delivered
ORD-11383,CUST-1159,2024-03-31,PROD-109,Portable Bluetooth Speaker,Electronics,2,59.99,119.98,PayPal,Returned
ORD-11384,CUST-1573,2024-01-15,PROD-110,Espresso Coffee Machine,Home & Kitchen,5,299.99,1499.95,Bank Transfer,Shipped
ORD-11385,CUST-1822,2023-12-27,PROD-102,Ergonomic Office Chair,Furniture,4,249.5,998.0,Credit Card,Delivered
ORD-11386,CUST-1135,2023-11-29,PROD-101,Wireless Noise-Canceling Headphones,Electronics,4,199.99,799.96,Debit Card,Shipped
ORD-11387,CUST-1143,2024-01-12,PROD-108,Fitness Smartwatch v2,Wearables,5,149.95,749.75,Debit Card,Delivered
ORD-11388,CUST-1312,2023-10-27,PROD-101,Wireless Noise-Canceling Headphones,Electronics,1,199.99,199.99,PayPal,Shipped
ORD-11389,CUST-1146,2023-11-18,PROD-112,Leather Laptop Backpack,Accessories,2,85.5,171.0,PayPal,Returned
ORD-11390,CUST-1081,2023-09-20,PROD-107,Organic Cotton Bed Sheets Set,Home & Kitchen,1,75.0,75.0,Credit Card,Delivered
ORD-11391,CUST-1776,2023-10-21,PROD-107,Organic Cotton Bed Sheets Set,Home & Kitchen,1,75.0,75.0,Credit Card,Shipped
ORD-11392,CUST-1676,2023-09-16,PROD-109,Portable Bluetooth Speaker,Electronics,5,59.99,299.95,Apple Pay,Shipped
ORD-11393,CUST-1260,2023-11-17,PROD-101,Wireless Noise-Canceling Headphones,Electronics,1,199.99,199.99,Credit Card,Shipped
ORD-11394,CUST-1802,2023-10-23,PROD-102,Ergonomic Office Chair,Furniture,5,249.5,1247.5,Bank Transfer,Delivered
ORD-11395,CUST-9012,2023-09-08,PROD-111,Running Shoes Pro,Apparel,3,110.0,330.0,Credit Card,Shipped
ORD-11396,CUST-1765,2023-11-29,PROD-105,4K Ultra HD Monitor 27-inch,Electronics,5,329.0,1645.0,Debit Card,Processing
ORD-11397,CUST-1513,2023-11-01,PROD-112,Leather Laptop Backpack,Accessories,5,85.5,427.5,Bank Transfer,Delivered
ORD-11398,CUST-1102,2024-01-14,PROD-110,Espresso Coffee Machine,Home & Kitchen,1,299.99,299.99,PayPal,Shipped
ORD-11399,CUST-1988,2024-03-12,PROD-105,4K Ultra HD Monitor 27-inch,Electronics,2,329.0,658.0,Bank Transfer,Delivered
ORD-11400,CUST-1743,2024-01-08,PROD-102,Ergonomic Office Chair,Furniture,2,249.5,499.0,Apple Pay,Delivered
ORD-11401,CUST-1604,2024-02-20,PROD-103,Mechanical Gaming Keyboard,Electronics,4,89.99,359.96,Credit Card,Shipped
ORD-11402,CUST-1364,2023-10-25,PROD-107,Organic Cotton Bed Sheets Set,Home & Kitchen,4,75.0,300.0,Bank Transfer,Shipped
ORD-11403,CUST-1116,2023-12-29,PROD-106,Standing Desk Converter,Furniture,1,179.99,179.99,Credit Card,Shipped
ORD-11404,CUST-1508,2024-01-21,PROD-106,Standing Desk Converter,Furniture,3,179.99,539.97,Credit Card,Delivered
ORD-11405,CUST-1506,2023-11-12,PROD-102,Ergonomic Office Chair,Furniture,4,249.5,998.0,Apple Pay,Delivered
ORD-11406,CUST-1320,2023-10-28,PROD-111,Running Shoes Pro,Apparel,4,110.0,440.0,Bank Transfer,Delivered
ORD-11407,CUST-1876,2023-09-18,PROD-107,Organic Cotton Bed Sheets Set,Home & Kitchen,2,75.0,150.0,Apple Pay,Processing
ORD-11408,CUST-9024,2024-02-20,PROD-103,Mechanical Gaming Keyboard,Electronics,1,89.99,89.99,Apple Pay,Processing
ORD-11409,CUST-1406,2024-02-16,PROD-108,Fitness Smartwatch v2,Wearables,5,149.95,749.75,Credit Card,Delivered
ORD-11410,CUST-1405,2023-09-27,PROD-107,Organic Cotton Bed Sheets Set,Home & Kitchen,5,75.0,375.0,PayPal,Processing
ORD-11411,CUST-1999,2023-10-22,PROD-104,Stainless Steel Water Bottle,Home & Kitchen,3,24.99,74.97,Bank Transfer,Shipped
ORD-11412,CUST-1414,2023-12-18,PROD-102,Ergonomic Office Chair,Furniture,2,249.5,499.0,Apple Pay,Shipped
ORD-11413,CUST-1731,2023-11-09,PROD-110,Espresso Coffee Machine,Home & Kitchen,5,299.99,1499.95,Apple Pay,Shipped
ORD-11414,CUST-1683,2024-01-03,PROD-110,Espresso Coffee Machine,Home & Kitchen,4,299.99,1199.96,Bank Transfer,Shipped
ORD-11415,CUST-1787,2023-10-02,PROD-108,Fitness Smartwatch v2,Wearables,1,149.95,149.95,Debit Card,Delivered
ORD-11416,CUST-1237,2023-09-08,PROD-111,Running Shoes Pro,Apparel,2,110.0,220.0,Credit Card,Cancelled
ORD-11417,CUST-1851,2024-02-21,PROD-102,Ergonomic Office Chair,Furniture,4,249.5,998.0,Credit Card,Shipped
ORD-11418,CUST-9025,2023-10-10,PROD-110,Espresso Coffee Machine,Home & Kitchen,3,299.99,899.97,Debit Card,Shipped
ORD-11419,CUST-1099,2024-03-15,PROD-102,Ergonomic Office Chair,Furniture,5,249.5,1247.5,Apple Pay,Delivered
ORD-11420,CUST-1207,2024-01-04,PROD-105,4K Ultra HD Monitor 27-inch,Electronics,4,329.0,1316.0,Bank Transfer,Cancelled
ORD-11421,CUST-1352,2023-09-05,PROD-109,Portable Bluetooth Speaker,Electronics,5,59.99,299.95,Credit Card,Shipped
ORD-11422,CUST-9008,2023-11-20,PROD-107,Organic Cotton Bed Sheets Set,Home & Kitchen,4,75.0,300.0,Apple Pay,Delivered
ORD-11423,CUST-1037,2024-01-21,PROD-101,Wireless Noise-Canceling Headphones,Electronics,2,199.99,399.98,Debit Card,Shipped
ORD-11424,CUST-1169,2023-10-05,PROD-108,Fitness Smartwatch v2,Wearables,4,149.95,599.8,Debit Card,Shipped
ORD-11425,CUST-1500,2024-02-20,PROD-102,Ergonomic Office Chair,Furniture,5,249.5,1247.5,Apple Pay,Returned
ORD-11426,CUST-1702,2023-12-30,PROD-109,Portable Bluetooth Speaker,Electronics,5,59.99,299.95,Apple Pay,Returned
ORD-11427,CUST-1161,2023-12-10,PROD-109,Portable Bluetooth Speaker,Electronics,1,59.99,59.99,Debit Card,Shipped
ORD-11428,CUST-1995,2024-02-21,PROD-107,Organic Cotton Bed Sheets Set,Home & Kitchen,5,75.0,375.0,Debit Card,Cancelled
ORD-11429,CUST-1292,2023-09-08,PROD-106,Standing Desk Converter,Furniture,1,179.99,179.99,Bank Transfer,Delivered
ORD-11430,CUST-1858,2024-03-26,PROD-106,Standing Desk Converter,Furniture,3,179.99,539.97,Bank Transfer,Processing
ORD-11431,CUST-1913,2023-12-07,PROD-111,Running Shoes Pro,Apparel,3,110.0,330.0,Credit Card,Delivered
ORD-11432,CUST-1366,2023-09-15,PROD-107,Organic Cotton Bed Sheets Set,Home & Kitchen,3,75.0,225.0,PayPal,Delivered
ORD-11433,CUST-1664,2023-09-22,PROD-105,4K Ultra HD Monitor 27-inch,Electronics,5,329.0,1645.0,Credit Card,Delivered
ORD-11434,CUST-1118,2023-09-06,PROD-106,Standing Desk Converter,Furniture,2,179.99,359.98,Bank Transfer,Delivered
ORD-11435,CUST-1472,2024-01-24,PROD-111,Running Shoes Pro,Apparel,4,110.0,440.0,Bank Transfer,Shipped
ORD-11436,CUST-9018,2024-01-29,PROD-101,Wireless Noise-Canceling Headphones,Electronics,4,199.99,799.96,Credit Card,Shipped
ORD-11437,CUST-9025,2023-11-22,PROD-110,Espresso Coffee Machine,Home & Kitchen,4,299.99,1199.96,Bank Transfer,Shipped
ORD-11438,CUST-1501,2023-11-26,PROD-102,Ergonomic Office Chair,Furniture,2,249.5,499.0,Apple Pay,Delivered
ORD-11439,CUST-1784,2023-10-13,PROD-111,Running Shoes Pro,Apparel,3,110.0,330.0,Bank Transfer,Shipped
ORD-11440,CUST-1993,2024-01-06,PROD-107,Organic Cotton Bed Sheets Set,Home & Kitchen,2,75.0,150.0,Credit Card,Delivered
ORD-11441,CUST-1549,2023-11-07,PROD-104,Stainless Steel Water Bottle,Home & Kitchen,3,24.99,74.97,Credit Card,Returned
ORD-11442,CUST-1588,2024-02-07,PROD-107,Organic Cotton Bed Sheets Set,Home & Kitchen,2,75.0,150.0,Credit Card,Shipped
ORD-11443,CUST-1593,2023-11-26,PROD-102,Ergonomic Office Chair,Furniture,5,249.5,1247.5,Debit Card,Delivered
ORD-11444,CUST-1821,2023-12-19,PROD-109,Portable Bluetooth Speaker,Electronics,4,59.99,239.96,PayPal,Delivered
ORD-11445,CUST-1079,2024-01-08,PROD-111,Running Shoes Pro,Apparel,3,110.0,330.0,Debit Card,Processing
ORD-11446,CUST-1553,2023-12-16,PROD-106,Standing Desk Converter,Furniture,2,179.99,359.98,Apple Pay,Shipped
ORD-11447,CUST-1528,2023-10-17,PROD-108,Fitness Smartwatch v2,Wearables,5,149.95,749.75,Credit Card,Delivered
ORD-11448,CUST-1529,2024-01-06,PROD-103,Mechanical Gaming Keyboard,Electronics,5,89.99,449.95,PayPal,Processing
ORD-11449,CUST-1844,2023-11-08,PROD-112,Leather Laptop Backpack,Accessories,4,85.5,342.0,Bank Transfer,Cancelled
ORD-11450,CUST-1874,2024-03-05,PROD-107,Organic Cotton Bed Sheets Set,Home & Kitchen,5,75.0,375.0,Credit Card,Delivered
ORD-11451,CUST-1374,2023-11-01,PROD-108,Fitness Smartwatch v2,Wearables,2,149.95,299.9,PayPal,Delivered
ORD-11452,CUST-1784,2023-12-15,PROD-105,4K Ultra HD Monitor 27-inch,Electronics,4,329.0,1316.0,Debit Card,Delivered
ORD-11453,CUST-1934,2023-12-15,PROD-102,Ergonomic Office Chair,Furniture,2,249.5,499.0,Debit Card,Processing
ORD-11454,CUST-1662,2024-02-23,PROD-103,Mechanical Gaming Keyboard,Electronics,3,89.99,269.97,Bank Transfer,Delivered
ORD-11455,CUST-1245,2023-10-20,PROD-102,Ergonomic Office Chair,Furniture,2,249.5,499.0,Credit Card,Shipped
ORD-11456,CUST-1848,2024-01-03,PROD-105,4K Ultra HD Monitor 27-inch,Electronics,4,329.0,1316.0,Bank Transfer,Cancelled
ORD-11457,CUST-9028,2023-10-22,PROD-111,Running Shoes Pro,Apparel,1,110.0,110.0,PayPal,Delivered
ORD-11458,CUST-1030,2024-02-16,PROD-105,4K Ultra HD Monitor 27-inch,Electronics,3,329.0,987.0,Bank Transfer,Delivered
ORD-11459,CUST-1873,2024-03-19,PROD-101,Wireless Noise-Canceling Headphones,Electronics,4,199.99,799.96,Credit Card,Shipped
ORD-11460,CUST-1919,2024-02-02,PROD-102,Ergonomic Office Chair,Furniture,3,249.5,748.5,Debit Card,Delivered
ORD-11461,CUST-1923,2024-02-19,PROD-107,Organic Cotton Bed Sheets Set,Home & Kitchen,3,75.0,225.0,Credit Card,Delivered
ORD-11462,CUST-1860,2023-10-31,PROD-112,Leather Laptop Backpack,Accessories,2,85.5,171.0,Credit Card,Delivered
ORD-11463,CUST-1513,2024-02-18,PROD-102,Ergonomic Office Chair,Furniture,5,249.5,1247.5,Bank Transfer,Shipped
ORD-11464,CUST-9034,2023-09-24,PROD-105,4K Ultra HD Monitor 27-inch,Electronics,4,329.0,1316.0,PayPal,Delivered
ORD-11465,CUST-1792,2024-01-28,PROD-106,Standing Desk Converter,Furniture,3,179.99,539.97,Apple Pay,Returned
ORD-11466,CUST-1762,2023-10-26,PROD-104,Stainless Steel Water Bottle,Home & Kitchen,4,24.99,99.96,PayPal,Shipped
ORD-11467,CUST-1220,2023-12-14,PROD-105,4K Ultra HD Monitor 27-inch,Electronics,4,329.0,1316.0,Debit Card,Returned
ORD-11468,CUST-1058,2023-12-05,PROD-108,Fitness Smartwatch v2,Wearables,5,149.95,749.75,Credit Card,Delivered
ORD-11469,CUST-1434,2023-11-11,PROD-108,Fitness Smartwatch v2,Wearables,2,149.95,299.9,PayPal,Processing
ORD-11470,CUST-1733,2023-09-06,PROD-106,Standing Desk Converter,Furniture,3,179.99,539.97,Bank Transfer,Delivered
ORD-11471,CUST-1758,2024-02-24,PROD-111,Running Shoes Pro,Apparel,1,110.0,110.0,PayPal,Delivered
ORD-11472,CUST-1394,2024-03-26,PROD-105,4K Ultra HD Monitor 27-inch,Electronics,3,329.0,987.0,Credit Card,Delivered
ORD-11473,CUST-1243,2023-09-03,PROD-108,Fitness Smartwatch v2,Wearables,4,149.95,599.8,Apple Pay,Processing
ORD-11474,CUST-9017,2024-03-29,PROD-105,4K Ultra HD Monitor 27-inch,Electronics,1,329.0,329.0,PayPal,Delivered
ORD-11475,CUST-1881,2024-02-09,PROD-103,Mechanical Gaming Keyboard,Electronics,4,89.99,359.96,Debit Card,Shipped
ORD-11476,CUST-1786,2024-03-21,PROD-111,Running Shoes Pro,Apparel,4,110.0,440.0,Credit Card,Delivered
ORD-11477,CUST-1083,2024-03-07,PROD-108,Fitness Smartwatch v2,Wearables,4,149.95,599.8,Apple Pay,Processing
ORD-11478,CUST-9022,2024-03-28,PROD-112,Leather Laptop Backpack,Accessories,4,85.5,342.0,Credit Card,Delivered
ORD-11479,CUST-1716,2023-09-17,PROD-105,4K Ultra HD Monitor 27-inch,Electronics,5,329.0,1645.0,Debit Card,Delivered
ORD-11480,CUST-1747,2023-12-26,PROD-109,Portable Bluetooth Speaker,Electronics,3,59.99,179.97,Credit Card,Delivered
ORD-11481,CUST-1657,2024-02-09,PROD-111,Running Shoes Pro,Apparel,2,110.0,220.0,Apple Pay,Processing
ORD-11482,CUST-1140,2023-10-22,PROD-101,Wireless Noise-Canceling Headphones,Electronics,4,199.99,799.96,Debit Card,Shipped
ORD-11483,CUST-1085,2023-11-03,PROD-102,Ergonomic Office Chair,Furniture,2,249.5,499.0,Bank Transfer,Delivered
ORD-11484,CUST-1787,2024-01-31,PROD-111,Running Shoes Pro,Apparel,2,110.0,220.0,Apple Pay,Shipped
ORD-11485,CUST-1328,2024-03-07,PROD-108,Fitness Smartwatch v2,Wearables,4,149.95,599.8,PayPal,Shipped
ORD-11486,CUST-1704,2024-03-23,PROD-110,Espresso Coffee Machine,Home & Kitchen,3,299.99,899.97,Debit Card,Delivered
ORD-11487,CUST-1425,2023-12-10,PROD-106,Standing Desk Converter,Furniture,2,179.99,359.98,Apple Pay,Delivered
ORD-11488,CUST-9037,2023-09-06,PROD-104,Stainless Steel Water Bottle,Home & Kitchen,1,24.99,24.99,Bank Transfer,Delivered
ORD-11489,CUST-1642,2023-12-28,PROD-104,Stainless Steel Water Bottle,Home & Kitchen,1,24.99,24.99,PayPal,Delivered
ORD-11490,CUST-1873,2023-12-12,PROD-103,Mechanical Gaming Keyboard,Electronics,1,89.99,89.99,Bank Transfer,Delivered
ORD-11491,CUST-1267,2023-12-04,PROD-103,Mechanical Gaming Keyboard,Electronics,1,89.99,89.99,PayPal,Shipped
ORD-11492,CUST-9008,2023-12-21,PROD-101,Wireless Noise-Canceling Headphones,Electronics,5,199.99,999.95,Apple Pay,Delivered
ORD-11493,CUST-1507,2024-03-01,PROD-102,Ergonomic Office Chair,Furniture,2,249.5,499.0,PayPal,Shipped
ORD-11494,CUST-1883,2024-03-10,PROD-105,4K Ultra HD Monitor 27-inch,Electronics,3,329.0,987.0,Apple Pay,Shipped
ORD-11495,CUST-1442,2023-10-26,PROD-104,Stainless Steel Water Bottle,Home & Kitchen,5,24.99,124.95,Debit Card,Delivered
ORD-11496,CUST-1194,2023-12-14,PROD-107,Organic Cotton Bed Sheets Set,Home & Kitchen,2,75.0,150.0,PayPal,Delivered
ORD-11497,CUST-2000,2024-02-06,PROD-105,4K Ultra HD Monitor 27-inch,Electronics,2,329.0,658.0,Apple Pay,Delivered
ORD-11498,CUST-9024,2023-09-22,PROD-110,Espresso Coffee Machine,Home & Kitchen,4,299.99,1199.96,Credit Card,Delivered
ORD-11499,CUST-1893,2024-02-23,PROD-106,Standing Desk Converter,Furniture,4,179.99,719.96,PayPal,Delivered
ORD-11500,CUST-1726,2023-11-05,PROD-107,Organic Cotton Bed Sheets Set,Home & Kitchen,5,75.0,375.0,Credit Card,Processing
ORD-11501,CUST-1061,2023-10-31,PROD-101,Wireless Noise-Canceling Headphones,Electronics,3,199.99,599.97,Apple Pay,Delivered
ORD-11502,CUST-9039,2024-02-29,PROD-111,Running Shoes Pro,Apparel,5,110.0,550.0,Credit Card,Delivered
ORD-11503,CUST-1517,2023-11-17,PROD-110,Espresso Coffee Machine,Home & Kitchen,4,299.99,1199.96,Apple Pay,Shipped
ORD-11504,CUST-1136,2024-01-27,PROD-109,Portable Bluetooth Speaker,Electronics,1,59.99,59.99,PayPal,Shipped
ORD-11505,CUST-1516,2023-12-29,PROD-108,Fitness Smartwatch v2,Wearables,3,149.95,449.85,PayPal,Delivered
ORD-11506,CUST-1728,2023-10-07,PROD-109,Portable Bluetooth Speaker,Electronics,4,59.99,239.96,Debit Card,Delivered
ORD-11507,CUST-1046,2023-11-11,PROD-103,Mechanical Gaming Keyboard,Electronics,4,89.99,359.96,Debit Card,Delivered
ORD-11508,CUST-9019,2024-03-31,PROD-105,4K Ultra HD Monitor 27-inch,Electronics,5,329.0,1645.0,Debit Card,Delivered
ORD-11509,CUST-1447,2024-03-07,PROD-103,Mechanical Gaming Keyboard,Electronics,3,89.99,269.97,Apple Pay,Delivered
ORD-11510,CUST-1155,2023-09-14,PROD-109,Portable Bluetooth Speaker,Electronics,4,59.99,239.96,PayPal,Delivered
ORD-11511,CUST-1236,2023-12-30,PROD-103,Mechanical Gaming Keyboard,Electronics,1,89.99,89.99,Debit Card,Processing
ORD-11512,CUST-1479,2024-01-05,PROD-107,Organic Cotton Bed Sheets Set,Home & Kitchen,1,75.0,75.0,Credit Card,Delivered
ORD-11513,CUST-1727,2023-12-27,PROD-109,Portable Bluetooth Speaker,Electronics,4,59.99,239.96,Apple Pay,Cancelled
ORD-11514,CUST-1738,2023-11-29,PROD-103,Mechanical Gaming Keyboard,Electronics,1,89.99,89.99,Credit Card,Shipped
ORD-11515,CUST-1291,2024-03-10,PROD-103,Mechanical Gaming Keyboard,Electronics,2,89.99,179.98,Bank Transfer,Shipped
ORD-11516,CUST-1577,2023-10-25,PROD-111,Running Shoes Pro,Apparel,5,110.0,550.0,Bank Transfer,Shipped
ORD-11517,CUST-9001,2023-10-17,PROD-109,Portable Bluetooth Speaker,Electronics,5,59.99,299.95,Apple Pay,Delivered
ORD-11518,CUST-9016,2023-11-24,PROD-108,Fitness Smartwatch v2,Wearables,1,149.95,149.95,Credit Card,Processing
ORD-11519,CUST-1697,2023-12-05,PROD-102,Ergonomic Office Chair,Furniture,4,249.5,998.0,Bank Transfer,Shipped
ORD-11520,CUST-9007,2023-09-08,PROD-106,Standing Desk Converter,Furniture,2,179.99,359.98,Credit Card,Cancelled
ORD-11521,CUST-1725,2023-12-26,PROD-111,Running Shoes Pro,Apparel,4,110.0,440.0,Debit Card,Shipped
ORD-11522,CUST-1006,2024-02-15,PROD-106,Standing Desk Converter,Furniture,1,179.99,179.99,Bank Transfer,Cancelled
ORD-11523,CUST-9021,2023-10-04,PROD-112,Leather Laptop Backpack,Accessories,5,85.5,427.5,PayPal,Delivered
ORD-11524,CUST-1821,2023-11-22,PROD-111,Running Shoes Pro,Apparel,3,110.0,330.0,Credit Card,Shipped
ORD-11525,CUST-1561,2023-09-24,PROD-110,Espresso Coffee Machine,Home & Kitchen,4,299.99,1199.96,Apple Pay,Delivered
ORD-11526,CUST-1246,2023-09-06,PROD-107,Organic Cotton Bed Sheets Set,Home & Kitchen,1,75.0,75.0,PayPal,Shipped
ORD-11527,CUST-1799,2024-02-13,PROD-107,Organic Cotton Bed Sheets Set,Home & Kitchen,3,75.0,225.0,PayPal,Shipped
ORD-11528,CUST-1503,2024-02-23,PROD-107,Organic Cotton Bed Sheets Set,Home & Kitchen,3,75.0,225.0,Bank Transfer,Shipped
ORD-11529,CUST-1682,2024-01-10,PROD-102,Ergonomic Office Chair,Furniture,3,249.5,748.5,PayPal,Processing
ORD-11530,CUST-1907,2023-11-08,PROD-107,Organic Cotton Bed Sheets Set,Home & Kitchen,4,75.0,300.0,Bank Transfer,Delivered
ORD-11531,CUST-1093,2024-02-05,PROD-107,Organic Cotton Bed Sheets Set,Home & Kitchen,3,75.0,225.0,PayPal,Shipped
ORD-11532,CUST-1437,2024-01-10,PROD-102,Ergonomic Office Chair,Furniture,1,249.5,249.5,Debit Card,Delivered
ORD-11533,CUST-9044,2024-01-05,PROD-104,Stainless Steel Water Bottle,Home & Kitchen,2,24.99,49.98,Bank Transfer,Delivered
ORD-11534,CUST-1538,2023-12-29,PROD-102,Ergonomic Office Chair,Furniture,3,249.5,748.5,Apple Pay,Shipped
ORD-11535,CUST-1821,2023-10-09,PROD-108,Fitness Smartwatch v2,Wearables,3,149.95,449.85,PayPal,Delivered
ORD-11536,CUST-1308,2023-12-19,PROD-104,Stainless Steel Water Bottle,Home & Kitchen,5,24.99,124.95,Debit Card,Shipped
ORD-11537,CUST-1565,2024-01-10,PROD-102,Ergonomic Office Chair,Furniture,1,249.5,249.5,Credit Card,Shipped
ORD-11538,CUST-1423,2024-02-17,PROD-102,Ergonomic Office Chair,Furniture,4,249.5,998.0,Bank Transfer,Delivered
ORD-11539,CUST-1364,2023-09-21,PROD-105,4K Ultra HD Monitor 27-inch,Electronics,5,329.0,1645.0,Bank Transfer,Shipped
ORD-11540,CUST-1759,2023-10-16,PROD-111,Running Shoes Pro,Apparel,4,110.0,440.0,PayPal,Delivered
ORD-11541,CUST-1047,2024-02-28,PROD-102,Ergonomic Office Chair,Furniture,4,249.5,998.0,Debit Card,Delivered
ORD-11542,CUST-1742,2024-02-07,PROD-108,Fitness Smartwatch v2,Wearables,4,149.95,599.8,Debit Card,Shipped
ORD-11543,CUST-1941,2023-10-18,PROD-103,Mechanical Gaming Keyboard,Electronics,2,89.99,179.98,Credit Card,Delivered
ORD-11544,CUST-1619,2023-12-21,PROD-105,4K Ultra HD Monitor 27-inch,Electronics,1,329.0,329.0,Bank Transfer,Shipped
ORD-11545,CUST-1405,2023-10-14,PROD-102,Ergonomic Office Chair,Furniture,1,249.5,249.5,Apple Pay,Returned
ORD-11546,CUST-1415,2024-03-04,PROD-111,Running Shoes Pro,Apparel,5,110.0,550.0,Apple Pay,Delivered
ORD-11547,CUST-1833,2024-02-24,PROD-110,Espresso Coffee Machine,Home & Kitchen,3,299.99,899.97,Apple Pay,Processing
ORD-11548,CUST-1090,2023-09-04,PROD-103,Mechanical Gaming Keyboard,Electronics,2,89.99,179.98,PayPal,Delivered
ORD-11549,CUST-1017,2023-09-07,PROD-112,Leather Laptop Backpack,Accessories,2,85.5,171.0,PayPal,Shipped
ORD-11550,CUST-1149,2023-12-21,PROD-111,Running Shoes Pro,Apparel,2,110.0,220.0,Bank Transfer,Delivered
ORD-11551,CUST-1309,2023-12-31,PROD-108,Fitness Smartwatch v2,Wearables,2,149.95,299.9,Apple Pay,Cancelled
ORD-11552,CUST-1171,2024-01-03,PROD-103,Mechanical Gaming Keyboard,Electronics,4,89.99,359.96,Apple Pay,Delivered
ORD-11553,CUST-1461,2023-10-22,PROD-110,Espresso Coffee Machine,Home & Kitchen,2,299.99,599.98,Debit Card,Processing
ORD-11554,CUST-1854,2023-11-25,PROD-107,Organic Cotton Bed Sheets Set,Home & Kitchen,1,75.0,75.0,Credit Card,Processing
ORD-11555,CUST-1868,2023-12-16,PROD-112,Leather Laptop Backpack,Accessories,4,85.5,342.0,Apple Pay,Shipped
ORD-11556,CUST-1611,2023-11-14,PROD-112,Leather Laptop Backpack,Accessories,5,85.5,427.5,Credit Card,Shipped
ORD-11557,CUST-1498,2024-03-04,PROD-109,Portable Bluetooth Speaker,Electronics,5,59.99,299.95,Bank Transfer,Delivered
ORD-11558,CUST-9032,2024-01-14,PROD-104,Stainless Steel Water Bottle,Home & Kitchen,1,24.99,24.99,Credit Card,Delivered
ORD-11559,CUST-1324,2023-11-08,PROD-109,Portable Bluetooth Speaker,Electronics,1,59.99,59.99,Apple Pay,Processing
ORD-11560,CUST-1120,2024-02-13,PROD-108,Fitness Smartwatch v2,Wearables,5,149.95,749.75,Debit Card,Cancelled
ORD-11561,CUST-1447,2023-11-13,PROD-101,Wireless Noise-Canceling Headphones,Electronics,2,199.99,399.98,PayPal,Delivered
ORD-11562,CUST-1449,2023-10-27,PROD-104,Stainless Steel Water Bottle,Home & Kitchen,5,24.99,124.95,Bank Transfer,Shipped
ORD-11563,CUST-9022,2023-10-04,PROD-110,Espresso Coffee Machine,Home & Kitchen,4,299.99,1199.96,Debit Card,Delivered
ORD-11564,CUST-1400,2024-03-22,PROD-107,Organic Cotton Bed Sheets Set,Home & Kitchen,3,75.0,225.0,Apple Pay,Shipped
ORD-11565,CUST-1865,2023-10-24,PROD-103,Mechanical Gaming Keyboard,Electronics,5,89.99,449.95,Debit Card,Processing
ORD-11566,CUST-1089,2023-10-04,PROD-111,Running Shoes Pro,Apparel,4,110.0,440.0,PayPal,Delivered
ORD-11567,CUST-1621,2024-03-22,PROD-108,Fitness Smartwatch v2,Wearables,1,149.95,149.95,Apple Pay,Delivered
ORD-11568,CUST-9032,2023-10-24,PROD-105,4K Ultra HD Monitor 27-inch,Electronics,2,329.0,658.0,Bank Transfer,Shipped
ORD-11569,CUST-1019,2023-12-01,PROD-106,Standing Desk Converter,Furniture,3,179.99,539.97,PayPal,Delivered
ORD-11570,CUST-1881,2024-03-25,PROD-109,Portable Bluetooth Speaker,Electronics,1,59.99,59.99,Credit Card,Delivered
ORD-11571,CUST-1117,2023-10-01,PROD-110,Espresso Coffee Machine,Home & Kitchen,2,299.99,599.98,Bank Transfer,Delivered
ORD-11572,CUST-1265,2024-03-15,PROD-106,Standing Desk Converter,Furniture,3,179.99,539.97,Credit Card,Shipped
ORD-11573,CUST-1571,2024-02-24,PROD-105,4K Ultra HD Monitor 27-inch,Electronics,2,329.0,658.0,Bank Transfer,Delivered
ORD-11574,CUST-1107,2023-12-22,PROD-112,Leather Laptop Backpack,Accessories,1,85.5,85.5,Apple Pay,Processing
ORD-11575,CUST-9049,2024-03-19,PROD-102,Ergonomic Office Chair,Furniture,1,249.5,249.5,Bank Transfer,Shipped
ORD-11576,CUST-1879,2023-09-11,PROD-102,Ergonomic Office Chair,Furniture,5,249.5,1247.5,Bank Transfer,Shipped
ORD-11577,CUST-1646,2023-12-02,PROD-102,Ergonomic Office Chair,Furniture,2,249.5,499.0,PayPal,Shipped
ORD-11578,CUST-1726,2024-01-06,PROD-108,Fitness Smartwatch v2,Wearables,5,149.95,749.75,Credit Card,Delivered
ORD-11579,CUST-1373,2023-10-02,PROD-106,Standing Desk Converter,Furniture,2,179.99,359.98,PayPal,Delivered
ORD-11580,CUST-1426,2024-03-26,PROD-101,Wireless Noise-Canceling Headphones,Electronics,2,199.99,399.98,Apple Pay,Delivered
ORD-11581,CUST-1518,2023-11-08,PROD-103,Mechanical Gaming Keyboard,Electronics,1,89.99,89.99,Debit Card,Shipped
ORD-11582,CUST-1425,2023-10-09,PROD-106,Standing Desk Converter,Furniture,2,179.99,359.98,Bank Transfer,Delivered
ORD-11583,CUST-1234,2023-12-15,PROD-103,Mechanical Gaming Keyboard,Electronics,4,89.99,359.96,Apple Pay,Delivered
ORD-11584,CUST-1975,2023-09-08,PROD-109,Portable Bluetooth Speaker,Electronics,3,59.99,179.97,Apple Pay,Delivered
ORD-11585,CUST-1011,2023-09-18,PROD-112,Leather Laptop Backpack,Accessories,5,85.5,427.5,Credit Card,Returned
ORD-11586,CUST-1412,2023-09-16,PROD-103,Mechanical Gaming Keyboard,Electronics,4,89.99,359.96,Apple Pay,Shipped
ORD-11587,CUST-1677,2024-01-26,PROD-111,Running Shoes Pro,Apparel,2,110.0,220.0,Credit Card,Delivered
ORD-11588,CUST-9046,2023-11-15,PROD-111,Running Shoes Pro,Apparel,5,110.0,550.0,Apple Pay,Delivered
ORD-11589,CUST-1698,2023-11-17,PROD-112,Leather Laptop Backpack,Accessories,5,85.5,427.5,Debit Card,Delivered
ORD-11590,CUST-9001,2024-02-04,PROD-105,4K Ultra HD Monitor 27-inch,Electronics,5,329.0,1645.0,PayPal,Delivered
ORD-11591,CUST-1457,2024-01-18,PROD-111,Running Shoes Pro,Apparel,2,110.0,220.0,Bank Transfer,Delivered
ORD-11592,CUST-1668,2024-03-26,PROD-108,Fitness Smartwatch v2,Wearables,3,149.95,449.85,Apple Pay,Returned
ORD-11593,CUST-1903,2023-09-10,PROD-105,4K Ultra HD Monitor 27-inch,Electronics,1,329.0,329.0,Bank Transfer,Shipped
ORD-11594,CUST-1743,2024-01-12,PROD-112,Leather Laptop Backpack,Accessories,2,85.5,171.0,Bank Transfer,Shipped
ORD-11595,CUST-1096,2023-11-19,PROD-109,Portable Bluetooth Speaker,Electronics,5,59.99,299.95,Bank Transfer,Delivered
ORD-11596,CUST-1651,2023-09-08,PROD-103,Mechanical Gaming Keyboard,Electronics,1,89.99,89.99,Bank Transfer,Delivered
ORD-11597,CUST-1248,2024-01-08,PROD-105,4K Ultra HD Monitor 27-inch,Electronics,4,329.0,1316.0,Credit Card,Shipped
ORD-11598,CUST-1862,2024-02-08,PROD-106,Standing Desk Converter,Furniture,3,179.99,539.97,Bank Transfer,Shipped
ORD-11599,CUST-1049,2023-12-24,PROD-111,Running Shoes Pro,Apparel,1,110.0,110.0,Debit Card,Shipped
ORD-11600,CUST-1006,2023-10-31,PROD-108,Fitness Smartwatch v2,Wearables,3,149.95,449.85,Bank Transfer,Processing
ORD-11601,CUST-1916,2024-01-31,PROD-111,Running Shoes Pro,Apparel,5,110.0,550.0,PayPal,Shipped
ORD-11602,CUST-1292,2024-02-20,PROD-111,Running Shoes Pro,Apparel,5,110.0,550.0,PayPal,Shipped
ORD-11603,CUST-1533,2023-09-27,PROD-112,Leather Laptop Backpack,Accessories,2,85.5,171.0,Debit Card,Shipped
ORD-11604,CUST-1198,2023-09-26,PROD-106,Standing Desk Converter,Furniture,4,179.99,719.96,PayPal,Delivered
ORD-11605,CUST-1849,2023-09-24,PROD-107,Organic Cotton Bed Sheets Set,Home & Kitchen,1,75.0,75.0,Credit Card,Shipped
ORD-11606,CUST-1134,2023-12-24,PROD-108,Fitness Smartwatch v2,Wearables,2,149.95,299.9,Credit Card,Delivered
ORD-11607,CUST-1539,2024-01-22,PROD-107,Organic Cotton Bed Sheets Set,Home & Kitchen,5,75.0,375.0,Bank Transfer,Shipped
ORD-11608,CUST-1893,2024-01-06,PROD-105,4K Ultra HD Monitor 27-inch,Electronics,5,329.0,1645.0,Apple Pay,Processing
ORD-11609,CUST-9045,2024-03-29,PROD-108,Fitness Smartwatch v2,Wearables,4,149.95,599.8,PayPal,Shipped
ORD-11610,CUST-1131,2023-10-04,PROD-108,Fitness Smartwatch v2,Wearables,4,149.95,599.8,Bank Transfer,Delivered
ORD-11611,CUST-1121,2023-12-26,PROD-112,Leather Laptop Backpack,Accessories,2,85.5,171.0,Apple Pay,Processing
ORD-11612,CUST-1161,2023-10-01,PROD-109,Portable Bluetooth Speaker,Electronics,3,59.99,179.97,Bank Transfer,Delivered
ORD-11613,CUST-1113,2024-01-25,PROD-102,Ergonomic Office Chair,Furniture,3,249.5,748.5,Debit Card,Delivered
ORD-11614,CUST-1157,2023-11-18,PROD-102,Ergonomic Office Chair,Furniture,3,249.5,748.5,Debit Card,Shipped
ORD-11615,CUST-1498,2023-10-07,PROD-101,Wireless Noise-Canceling Headphones,Electronics,2,199.99,399.98,Bank Transfer,Shipped
ORD-11616,CUST-1960,2023-10-26,PROD-105,4K Ultra HD Monitor 27-inch,Electronics,3,329.0,987.0,PayPal,Delivered
ORD-11617,CUST-1501,2024-01-19,PROD-101,Wireless Noise-Canceling Headphones,Electronics,1,199.99,199.99,Debit Card,Returned
ORD-11618,CUST-1046,2024-01-25,PROD-107,Organic Cotton Bed Sheets Set,Home & Kitchen,4,75.0,300.0,Debit Card,Delivered
ORD-11619,CUST-1922,2023-12-31,PROD-106,Standing Desk Converter,Furniture,4,179.99,719.96,Bank Transfer,Delivered
ORD-11620,CUST-1142,2024-03-13,PROD-109,Portable Bluetooth Speaker,Electronics,4,59.99,239.96,Apple Pay,Delivered
ORD-11621,CUST-1153,2023-09-23,PROD-112,Leather Laptop Backpack,Accessories,3,85.5,256.5,Bank Transfer,Delivered
ORD-11622,CUST-1420,2023-12-11,PROD-107,Organic Cotton Bed Sheets Set,Home & Kitchen,2,75.0,150.0,Debit Card,Shipped
ORD-11623,CUST-1982,2024-03-07,PROD-111,Running Shoes Pro,Apparel,4,110.0,440.0,Debit Card,Delivered
ORD-11624,CUST-1887,2024-01-25,PROD-103,Mechanical Gaming Keyboard,Electronics,1,89.99,89.99,Debit Card,Cancelled
ORD-11625,CUST-1127,2023-09-22,PROD-111,Running Shoes Pro,Apparel,5,110.0,550.0,PayPal,Shipped
ORD-11626,CUST-9035,2024-01-24,PROD-110,Espresso Coffee Machine,Home & Kitchen,1,299.99,299.99,Bank Transfer,Delivered
ORD-11627,CUST-1488,2023-10-01,PROD-109,Portable Bluetooth Speaker,Electronics,1,59.99,59.99,Bank Transfer,Shipped
ORD-11628,CUST-1020,2023-11-02,PROD-105,4K Ultra HD Monitor 27-inch,Electronics,2,329.0,658.0,Bank Transfer,Delivered
ORD-11629,CUST-1827,2023-11-22,PROD-109,Portable Bluetooth Speaker,Electronics,5,59.99,299.95,Apple Pay,Shipped
ORD-11630,CUST-1504,2023-12-21,PROD-101,Wireless Noise-Canceling Headphones,Electronics,3,199.99,599.97,PayPal,Delivered
ORD-11631,CUST-1881,2023-12-07,PROD-109,Portable Bluetooth Speaker,Electronics,3,59.99,179.97,Debit Card,Delivered
ORD-11632,CUST-1102,2023-11-13,PROD-109,Portable Bluetooth Speaker,Electronics,2,59.99,119.98,PayPal,Shipped
ORD-11633,CUST-1787,2023-11-18,PROD-102,Ergonomic Office Chair,Furniture,2,249.5,499.0,Apple Pay,Delivered
ORD-11634,CUST-1061,2023-10-17,PROD-110,Espresso Coffee Machine,Home & Kitchen,3,299.99,899.97,Credit Card,Delivered
ORD-11635,CUST-1306,2023-11-21,PROD-107,Organic Cotton Bed Sheets Set,Home & Kitchen,1,75.0,75.0,PayPal,Cancelled
ORD-11636,CUST-1332,2024-03-30,PROD-105,4K Ultra HD Monitor 27-inch,Electronics,4,329.0,1316.0,Credit Card,Shipped
ORD-11637,CUST-1246,2023-10-31,PROD-110,Espresso Coffee Machine,Home & Kitchen,5,299.99,1499.95,Apple Pay,Delivered
ORD-11638,CUST-1517,2023-11-08,PROD-107,Organic Cotton Bed Sheets Set,Home & Kitchen,1,75.0,75.0,Credit Card,Shipped
ORD-11639,CUST-1567,2024-01-02,PROD-107,Organic Cotton Bed Sheets Set,Home & Kitchen,1,75.0,75.0,Credit Card,Returned
ORD-11640,CUST-1240,2024-01-20,PROD-101,Wireless Noise-Canceling Headphones,Electronics,3,199.99,599.97,Bank Transfer,Cancelled
ORD-11641,CUST-1253,2023-11-17,PROD-109,Portable Bluetooth Speaker,Electronics,2,59.99,119.98,Bank Transfer,Delivered
ORD-11642,CUST-1086,2023-10-23,PROD-111,Running Shoes Pro,Apparel,5,110.0,550.0,PayPal,Processing
ORD-11643,CUST-1173,2023-12-18,PROD-104,Stainless Steel Water Bottle,Home & Kitchen,5,24.99,124.95,Bank Transfer,Delivered
ORD-11644,CUST-1002,2023-11-14,PROD-108,Fitness Smartwatch v2,Wearables,5,149.95,749.75,PayPal,Delivered
ORD-11645,CUST-1956,2024-02-01,PROD-108,Fitness Smartwatch v2,Wearables,3,149.95,449.85,Debit Card,Shipped
ORD-11646,CUST-1390,2024-01-28,PROD-106,Standing Desk Converter,Furniture,2,179.99,359.98,Bank Transfer,Delivered
ORD-11647,CUST-1166,2024-01-23,PROD-112,Leather Laptop Backpack,Accessories,5,85.5,427.5,Credit Card,Shipped
ORD-11648,CUST-1405,2024-03-31,PROD-112,Leather Laptop Backpack,Accessories,1,85.5,85.5,PayPal,Processing
ORD-11649,CUST-1287,2024-02-04,PROD-107,Organic Cotton Bed Sheets Set,Home & Kitchen,2,75.0,150.0,Bank Transfer,Delivered
ORD-11650,CUST-9021,2024-02-10,PROD-111,Running Shoes Pro,Apparel,3,110.0,330.0,Debit Card,Delivered
ORD-11651,CUST-9046,2023-11-02,PROD-108,Fitness Smartwatch v2,Wearables,3,149.95,449.85,Debit Card,Shipped
ORD-11652,CUST-1471,2023-09-05,PROD-110,Espresso Coffee Machine,Home & Kitchen,3,299.99,899.97,PayPal,Shipped
ORD-11653,CUST-1003,2023-09-02,PROD-110,Espresso Coffee Machine,Home & Kitchen,4,299.99,1199.96,Credit Card,Shipped
ORD-11654,CUST-1424,2024-03-14,PROD-109,Portable Bluetooth Speaker,Electronics,4,59.99,239.96,Apple Pay,Delivered
ORD-11655,CUST-1807,2024-01-16,PROD-111,Running Shoes Pro,Apparel,1,110.0,110.0,Credit Card,Shipped
ORD-11656,CUST-1836,2024-02-20,PROD-111,Running Shoes Pro,Apparel,4,110.0,440.0,Credit Card,Cancelled
ORD-11657,CUST-1833,2023-12-01,PROD-107,Organic Cotton Bed Sheets Set,Home & Kitchen,5,75.0,375.0,Apple Pay,Delivered
ORD-11658,CUST-1787,2023-10-02,PROD-112,Leather Laptop Backpack,Accessories,1,85.5,85.5,Apple Pay,Shipped
ORD-11659,CUST-1198,2023-10-27,PROD-108,Fitness Smartwatch v2,Wearables,1,149.95,149.95,Credit Card,Delivered
ORD-11660,CUST-1697,2023-10-20,PROD-112,Leather Laptop Backpack,Accessories,3,85.5,256.5,Credit Card,Delivered
ORD-11661,CUST-1641,2023-10-30,PROD-105,4K Ultra HD Monitor 27-inch,Electronics,2,329.0,658.0,Apple Pay,Delivered
ORD-11662,CUST-9003,2024-02-28,PROD-105,4K Ultra HD Monitor 27-inch,Electronics,4,329.0,1316.0,Bank Transfer,Delivered
ORD-11663,CUST-1201,2023-09-29,PROD-111,Running Shoes Pro,Apparel,4,110.0,440.0,Debit Card,Cancelled
ORD-11664,CUST-1506,2023-10-20,PROD-103,Mechanical Gaming Keyboard,Electronics,5,89.99,449.95,Bank Transfer,Delivered
ORD-11665,CUST-1618,2023-09-17,PROD-110,Espresso Coffee Machine,Home & Kitchen,2,299.99,599.98,Bank Transfer,Returned
ORD-11666,CUST-1067,2024-01-24,PROD-103,Mechanical Gaming Keyboard,Electronics,3,89.99,269.97,PayPal,Processing
ORD-11667,CUST-1747,2024-02-21,PROD-105,4K Ultra HD Monitor 27-inch,Electronics,2,329.0,658.0,Credit Card,Shipped
ORD-11668,CUST-9045,2024-02-05,PROD-111,Running Shoes Pro,Apparel,5,110.0,550.0,Debit Card,Cancelled
ORD-11669,CUST-1905,2023-12-19,PROD-108,Fitness Smartwatch v2,Wearables,1,149.95,149.95,Credit Card,Shipped
ORD-11670,CUST-1331,2023-11-10,PROD-107,Organic Cotton Bed Sheets Set,Home & Kitchen,4,75.0,300.0,Credit Card,Processing
ORD-11671,CUST-1478,2024-01-11,PROD-108,Fitness Smartwatch v2,Wearables,3,149.95,449.85,Credit Card,Delivered
ORD-11672,CUST-1230,2023-12-17,PROD-101,Wireless Noise-Canceling Headphones,Electronics,3,199.99,599.97,Bank Transfer,Processing
ORD-11673,CUST-1006,2023-11-25,PROD-107,Organic Cotton Bed Sheets Set,Home & Kitchen,2,75.0,150.0,Credit Card,Processing
ORD-11674,CUST-1828,2024-02-24,PROD-101,Wireless Noise-Canceling Headphones,Electronics,2,199.99,399.98,Apple Pay,Processing
ORD-11675,CUST-9016,2023-11-24,PROD-104,Stainless Steel Water Bottle,Home & Kitchen,2,24.99,49.98,Debit Card,Delivered
ORD-11676,CUST-1641,2024-01-01,PROD-102,Ergonomic Office Chair,Furniture,1,249.5,249.5,Apple Pay,Shipped
ORD-11677,CUST-1607,2023-11-04,PROD-111,Running Shoes Pro,Apparel,3,110.0,330.0,PayPal,Shipped
ORD-11678,CUST-1245,2024-03-29,PROD-106,Standing Desk Converter,Furniture,1,179.99,179.99,Debit Card,Delivered
ORD-11679,CUST-1243,2024-02-06,PROD-102,Ergonomic Office Chair,Furniture,5,249.5,1247.5,Apple Pay,Shipped
ORD-11680,CUST-1641,2023-10-02,PROD-108,Fitness Smartwatch v2,Wearables,5,149.95,749.75,Credit Card,Delivered
ORD-11681,CUST-9003,2024-02-25,PROD-107,Organic Cotton Bed Sheets Set,Home & Kitchen,3,75.0,225.0,Credit Card,Shipped
ORD-11682,CUST-1064,2023-11-17,PROD-108,Fitness Smartwatch v2,Wearables,1,149.95,149.95,Bank Transfer,Returned
ORD-11683,CUST-1068,2024-01-22,PROD-102,Ergonomic Office Chair,Furniture,1,249.5,249.5,Credit Card,Delivered
ORD-11684,CUST-1391,2024-02-06,PROD-107,Organic Cotton Bed Sheets Set,Home & Kitchen,1,75.0,75.0,Apple Pay,Processing
ORD-11685,CUST-1614,2023-09-03,PROD-111,Running Shoes Pro,Apparel,5,110.0,550.0,Apple Pay,Shipped
ORD-11686,CUST-1815,2024-02-06,PROD-107,Organic Cotton Bed Sheets Set,Home & Kitchen,5,75.0,375.0,Credit Card,Processing
ORD-11687,CUST-1961,2023-12-26,PROD-111,Running Shoes Pro,Apparel,1,110.0,110.0,Bank Transfer,Cancelled
ORD-11688,CUST-1198,2023-09-04,PROD-102,Ergonomic Office Chair,Furniture,1,249.5,249.5,Bank Transfer,Delivered
ORD-11689,CUST-1608,2023-10-03,PROD-104,Stainless Steel Water Bottle,Home & Kitchen,5,24.99,124.95,Bank Transfer,Delivered
ORD-11690,CUST-1432,2023-12-23,PROD-108,Fitness Smartwatch v2,Wearables,5,149.95,749.75,PayPal,Delivered
ORD-11691,CUST-1817,2023-10-03,PROD-101,Wireless Noise-Canceling Headphones,Electronics,1,199.99,199.99,Debit Card,Shipped
ORD-11692,CUST-1526,2023-11-19,PROD-111,Running Shoes Pro,Apparel,3,110.0,330.0,Bank Transfer,Delivered
ORD-11693,CUST-1795,2023-12-30,PROD-103,Mechanical Gaming Keyboard,Electronics,2,89.99,179.98,Debit Card,Delivered
ORD-11694,CUST-1299,2024-01-11,PROD-106,Standing Desk Converter,Furniture,1,179.99,179.99,Bank Transfer,Shipped
ORD-11695,CUST-1149,2024-01-08,PROD-101,Wireless Noise-Canceling Headphones,Electronics,2,199.99,399.98,Bank Transfer,Delivered
ORD-11696,CUST-1433,2023-10-22,PROD-106,Standing Desk Converter,Furniture,2,179.99,359.98,PayPal,Shipped
ORD-11697,CUST-1350,2024-02-25,PROD-104,Stainless Steel Water Bottle,Home & Kitchen,4,24.99,99.96,Apple Pay,Shipped
ORD-11698,CUST-1340,2023-11-25,PROD-110,Espresso Coffee Machine,Home & Kitchen,5,299.99,1499.95,Bank Transfer,Shipped
ORD-11699,CUST-1337,2023-12-26,PROD-103,Mechanical Gaming Keyboard,Electronics,1,89.99,89.99,Credit Card,Returned
ORD-11700,CUST-1943,2024-02-25,PROD-101,Wireless Noise-Canceling Headphones,Electronics,2,199.99,399.98,PayPal,Delivered
ORD-11701,CUST-1219,2024-03-07,PROD-104,Stainless Steel Water Bottle,Home & Kitchen,4,24.99,99.96,Debit Card,Returned
ORD-11702,CUST-1385,2023-10-18,PROD-104,Stainless Steel Water Bottle,Home & Kitchen,4,24.99,99.96,Credit Card,Delivered
ORD-11703,CUST-1076,2024-01-21,PROD-106,Standing Desk Converter,Furniture,1,179.99,179.99,Credit Card,Shipped
ORD-11704,CUST-1451,2024-03-14,PROD-104,Stainless Steel Water Bottle,Home & Kitchen,5,24.99,124.95,Debit Card,Delivered
ORD-11705,CUST-1031,2023-11-12,PROD-104,Stainless Steel Water Bottle,Home & Kitchen,2,24.99,49.98,PayPal,Delivered
ORD-11706,CUST-1269,2023-11-26,PROD-112,Leather Laptop Backpack,Accessories,2,85.5,171.0,Bank Transfer,Shipped
ORD-11707,CUST-1201,2023-11-07,PROD-101,Wireless Noise-Canceling Headphones,Electronics,2,199.99,399.98,Credit Card,Delivered
ORD-11708,CUST-1694,2024-02-15,PROD-103,Mechanical Gaming Keyboard,Electronics,4,89.99,359.96,Credit Card,Shipped
ORD-11709,CUST-1216,2023-11-01,PROD-105,4K Ultra HD Monitor 27-inch,Electronics,4,329.0,1316.0,Debit Card,Delivered
ORD-11710,CUST-1677,2024-03-23,PROD-103,Mechanical Gaming Keyboard,Electronics,5,89.99,449.95,Bank Transfer,Delivered
ORD-11711,CUST-1900,2023-10-01,PROD-112,Leather Laptop Backpack,Accessories,1,85.5,85.5,PayPal,Shipped
ORD-11712,CUST-1134,2024-01-15,PROD-104,Stainless Steel Water Bottle,Home & Kitchen,2,24.99,49.98,Apple Pay,Shipped
ORD-11713,CUST-1326,2024-02-10,PROD-110,Espresso Coffee Machine,Home & Kitchen,4,299.99,1199.96,PayPal,Delivered
ORD-11714,CUST-9049,2023-10-19,PROD-110,Espresso Coffee Machine,Home & Kitchen,5,299.99,1499.95,Bank Transfer,Delivered
ORD-11715,CUST-1153,2023-09-14,PROD-106,Standing Desk Converter,Furniture,2,179.99,359.98,Debit Card,Shipped
ORD-11716,CUST-1872,2024-01-04,PROD-109,Portable Bluetooth Speaker,Electronics,5,59.99,299.95,PayPal,Returned
ORD-11717,CUST-1804,2023-09-17,PROD-108,Fitness Smartwatch v2,Wearables,5,149.95,749.75,PayPal,Shipped
ORD-11718,CUST-1770,2023-12-05,PROD-111,Running Shoes Pro,Apparel,5,110.0,550.0,Apple Pay,Delivered
ORD-11719,CUST-1184,2024-01-13,PROD-106,Standing Desk Converter,Furniture,3,179.99,539.97,Apple Pay,Returned
ORD-11720,CUST-1507,2024-01-27,PROD-108,Fitness Smartwatch v2,Wearables,3,149.95,449.85,Apple Pay,Shipped
ORD-11721,CUST-1810,2023-10-24,PROD-110,Espresso Coffee Machine,Home & Kitchen,1,299.99,299.99,PayPal,Shipped
ORD-11722,CUST-1463,2023-10-26,PROD-104,Stainless Steel Water Bottle,Home & Kitchen,4,24.99,99.96,Debit Card,Shipped
ORD-11723,CUST-1387,2023-12-05,PROD-110,Espresso Coffee Machine,Home & Kitchen,2,299.99,599.98,Debit Card,Shipped
ORD-11724,CUST-1138,2023-12-23,PROD-102,Ergonomic Office Chair,Furniture,3,249.5,748.5,Bank Transfer,Shipped
ORD-11725,CUST-1598,2024-01-10,PROD-101,Wireless Noise-Canceling Headphones,Electronics,4,199.99,799.96,Bank Transfer,Delivered
ORD-11726,CUST-1462,2023-12-14,PROD-108,Fitness Smartwatch v2,Wearables,4,149.95,599.8,Debit Card,Shipped
ORD-11727,CUST-1325,2023-09-07,PROD-105,4K Ultra HD Monitor 27-inch,Electronics,4,329.0,1316.0,PayPal,Delivered
ORD-11728,CUST-1272,2023-12-01,PROD-111,Running Shoes Pro,Apparel,1,110.0,110.0,Credit Card,Returned
ORD-11729,CUST-1514,2024-02-12,PROD-109,Portable Bluetooth Speaker,Electronics,5,59.99,299.95,Credit Card,Processing
ORD-11730,CUST-1949,2023-10-01,PROD-104,Stainless Steel Water Bottle,Home & Kitchen,1,24.99,24.99,Credit Card,Delivered
ORD-11731,CUST-1560,2023-10-21,PROD-104,Stainless Steel Water Bottle,Home & Kitchen,3,24.99,74.97,Debit Card,Shipped
ORD-11732,CUST-1764,2023-10-19,PROD-111,Running Shoes Pro,Apparel,3,110.0,330.0,Bank Transfer,Delivered
ORD-11733,CUST-9049,2023-11-06,PROD-112,Leather Laptop Backpack,Accessories,5,85.5,427.5,Credit Card,Delivered
ORD-11734,CUST-1289,2023-12-13,PROD-106,Standing Desk Converter,Furniture,4,179.99,719.96,Bank Transfer,Delivered
ORD-11735,CUST-1013,2024-03-13,PROD-108,Fitness Smartwatch v2,Wearables,5,149.95,749.75,PayPal,Shipped
ORD-11736,CUST-1234,2023-12-31,PROD-104,Stainless Steel Water Bottle,Home & Kitchen,2,24.99,49.98,PayPal,Processing
ORD-11737,CUST-1805,2024-03-03,PROD-109,Portable Bluetooth Speaker,Electronics,4,59.99,239.96,Apple Pay,Delivered
ORD-11738,CUST-1088,2023-12-19,PROD-106,Standing Desk Converter,Furniture,2,179.99,359.98,Apple Pay,Shipped
ORD-11739,CUST-1461,2023-12-05,PROD-109,Portable Bluetooth Speaker,Electronics,1,59.99,59.99,PayPal,Delivered
ORD-11740,CUST-1132,2024-01-06,PROD-105,4K Ultra HD Monitor 27-inch,Electronics,1,329.0,329.0,Debit Card,Delivered
ORD-11741,CUST-1430,2024-03-14,PROD-107,Organic Cotton Bed Sheets Set,Home & Kitchen,4,75.0,300.0,Bank Transfer,Processing
ORD-11742,CUST-1602,2024-03-20,PROD-101,Wireless Noise-Canceling Headphones,Electronics,5,199.99,999.95,Credit Card,Delivered
ORD-11743,CUST-9010,2024-02-09,PROD-106,Standing Desk Converter,Furniture,5,179.99,899.95,Bank Transfer,Delivered
ORD-11744,CUST-9037,2023-10-23,PROD-107,Organic Cotton Bed Sheets Set,Home & Kitchen,4,75.0,300.0,Apple Pay,Shipped
ORD-11745,CUST-1396,2023-09-28,PROD-104,Stainless Steel Water Bottle,Home & Kitchen,4,24.99,99.96,Debit Card,Delivered
ORD-11746,CUST-1463,2023-09-24,PROD-111,Running Shoes Pro,Apparel,3,110.0,330.0,PayPal,Delivered
ORD-11747,CUST-1567,2024-03-30,PROD-103,Mechanical Gaming Keyboard,Electronics,1,89.99,89.99,Bank Transfer,Shipped
ORD-11748,CUST-1192,2023-12-08,PROD-104,Stainless Steel Water Bottle,Home & Kitchen,1,24.99,24.99,Debit Card,Shipped
ORD-11749,CUST-1299,2023-09-18,PROD-111,Running Shoes Pro,Apparel,5,110.0,550.0,Apple Pay,Delivered
ORD-11750,CUST-1531,2023-11-23,PROD-101,Wireless Noise-Canceling Headphones,Electronics,2,199.99,399.98,Apple Pay,Shipped
ORD-11751,CUST-1114,2023-12-17,PROD-103,Mechanical Gaming Keyboard,Electronics,5,89.99,449.95,Apple Pay,Delivered
ORD-11752,CUST-1399,2023-10-23,PROD-104,Stainless Steel Water Bottle,Home & Kitchen,2,24.99,49.98,Debit Card,Shipped
ORD-11753,CUST-1727,2023-10-11,PROD-111,Running Shoes Pro,Apparel,4,110.0,440.0,Bank Transfer,Shipped
ORD-11754,CUST-1318,2024-01-07,PROD-110,Espresso Coffee Machine,Home & Kitchen,2,299.99,599.98,Apple Pay,Shipped
ORD-11755,CUST-1008,2023-09-17,PROD-103,Mechanical Gaming Keyboard,Electronics,4,89.99,359.96,Apple Pay,Returned
ORD-11756,CUST-1253,2024-01-24,PROD-109,Portable Bluetooth Speaker,Electronics,3,59.99,179.97,Apple Pay,Processing
ORD-11757,CUST-1590,2023-11-13,PROD-101,Wireless Noise-Canceling Headphones,Electronics,1,199.99,199.99,Apple Pay,Cancelled
ORD-11758,CUST-1863,2023-12-10,PROD-112,Leather Laptop Backpack,Accessories,3,85.5,256.5,Bank Transfer,Delivered
ORD-11759,CUST-1871,2023-11-03,PROD-103,Mechanical Gaming Keyboard,Electronics,4,89.99,359.96,PayPal,Shipped
ORD-11760,CUST-1751,2023-12-08,PROD-107,Organic Cotton Bed Sheets Set,Home & Kitchen,4,75.0,300.0,PayPal,Delivered
ORD-11761,CUST-1098,2023-11-01,PROD-107,Organic Cotton Bed Sheets Set,Home & Kitchen,1,75.0,75.0,PayPal,Delivered
ORD-11762,CUST-1644,2024-02-18,PROD-109,Portable Bluetooth Speaker,Electronics,3,59.99,179.97,Credit Card,Processing
ORD-11763,CUST-1740,2023-12-15,PROD-104,Stainless Steel Water Bottle,Home & Kitchen,4,24.99,99.96,Bank Transfer,Shipped
ORD-11764,CUST-1378,2024-01-08,PROD-102,Ergonomic Office Chair,Furniture,1,249.5,249.5,Debit Card,Delivered
ORD-11765,CUST-1169,2024-01-08,PROD-105,4K Ultra HD Monitor 27-inch,Electronics,2,329.0,658.0,Credit Card,Shipped
ORD-11766,CUST-1075,2023-12-07,PROD-111,Running Shoes Pro,Apparel,4,110.0,440.0,Debit Card,Shipped
ORD-11767,CUST-1877,2023-09-10,PROD-104,Stainless Steel Water Bottle,Home & Kitchen,4,24.99,99.96,Credit Card,Delivered
ORD-11768,CUST-1727,2024-02-19,PROD-103,Mechanical Gaming Keyboard,Electronics,3,89.99,269.97,Apple Pay,Delivered
ORD-11769,CUST-1070,2024-02-16,PROD-102,Ergonomic Office Chair,Furniture,5,249.5,1247.5,PayPal,Delivered
ORD-11770,CUST-1449,2024-03-29,PROD-103,Mechanical Gaming Keyboard,Electronics,4,89.99,359.96,Debit Card,Delivered
ORD-11771,CUST-1175,2023-09-26,PROD-101,Wireless Noise-Canceling Headphones,Electronics,5,199.99,999.95,PayPal,Delivered
ORD-11772,CUST-1548,2023-10-14,PROD-112,Leather Laptop Backpack,Accessories,4,85.5,342.0,Credit Card,Delivered
ORD-11773,CUST-1012,2023-10-10,PROD-111,Running Shoes Pro,Apparel,3,110.0,330.0,Apple Pay,Processing
ORD-11774,CUST-1222,2024-02-20,PROD-112,Leather Laptop Backpack,Accessories,1,85.5,85.5,Bank Transfer,Cancelled
ORD-11775,CUST-1714,2024-02-12,PROD-101,Wireless Noise-Canceling Headphones,Electronics,5,199.99,999.95,Credit Card,Delivered
ORD-11776,CUST-1316,2024-02-01,PROD-108,Fitness Smartwatch v2,Wearables,1,149.95,149.95,Credit Card,Shipped
ORD-11777,CUST-1387,2023-12-05,PROD-104,Stainless Steel Water Bottle,Home & Kitchen,2,24.99,49.98,PayPal,Delivered
ORD-11778,CUST-1017,2023-09-04,PROD-107,Organic Cotton Bed Sheets Set,Home & Kitchen,1,75.0,75.0,Debit Card,Delivered
ORD-11779,CUST-1697,2023-10-27,PROD-111,Running Shoes Pro,Apparel,1,110.0,110.0,Credit Card,Shipped
ORD-11780,CUST-1851,2024-03-04,PROD-111,Running Shoes Pro,Apparel,2,110.0,220.0,PayPal,Processing
ORD-11781,CUST-1525,2023-11-22,PROD-102,Ergonomic Office Chair,Furniture,3,249.5,748.5,Bank Transfer,Shipped
ORD-11782,CUST-1640,2023-12-11,PROD-104,Stainless Steel Water Bottle,Home & Kitchen,5,24.99,124.95,Apple Pay,Cancelled
ORD-11783,CUST-1219,2023-11-22,PROD-102,Ergonomic Office Chair,Furniture,3,249.5,748.5,PayPal,Delivered
ORD-11784,CUST-1670,2023-12-09,PROD-106,Standing Desk Converter,Furniture,1,179.99,179.99,PayPal,Delivered
ORD-11785,CUST-1068,2024-02-14,PROD-111,Running Shoes Pro,Apparel,3,110.0,330.0,Bank Transfer,Delivered
ORD-11786,CUST-1069,2023-11-17,PROD-104,Stainless Steel Water Bottle,Home & Kitchen,4,24.99,99.96,Bank Transfer,Processing
ORD-11787,CUST-1105,2024-03-21,PROD-112,Leather Laptop Backpack,Accessories,5,85.5,427.5,Bank Transfer,Delivered
ORD-11788,CUST-1983,2023-11-23,PROD-102,Ergonomic Office Chair,Furniture,5,249.5,1247.5,Apple Pay,Delivered
ORD-11789,CUST-1996,2023-11-25,PROD-112,Leather Laptop Backpack,Accessories,2,85.5,171.0,PayPal,Shipped
ORD-11790,CUST-1906,2024-02-18,PROD-112,Leather Laptop Backpack,Accessories,3,85.5,256.5,Apple Pay,Delivered
ORD-11791,CUST-1019,2023-12-24,PROD-110,Espresso Coffee Machine,Home & Kitchen,5,299.99,1499.95,Apple Pay,Shipped
ORD-11792,CUST-1760,2024-01-29,PROD-104,Stainless Steel Water Bottle,Home & Kitchen,5,24.99,124.95,Credit Card,Delivered
ORD-11793,CUST-1632,2023-10-31,PROD-102,Ergonomic Office Chair,Furniture,3,249.5,748.5,Apple Pay,Delivered
ORD-11794,CUST-1635,2023-10-06,PROD-102,Ergonomic Office Chair,Furniture,1,249.5,249.5,Debit Card,Delivered
ORD-11795,CUST-1207,2023-10-23,PROD-103,Mechanical Gaming Keyboard,Electronics,4,89.99,359.96,Credit Card,Shipped
ORD-11796,CUST-1743,2024-03-08,PROD-110,Espresso Coffee Machine,Home & Kitchen,4,299.99,1199.96,Debit Card,Shipped
ORD-11797,CUST-1326,2024-01-12,PROD-111,Running Shoes Pro,Apparel,1,110.0,110.0,Apple Pay,Delivered
ORD-11798,CUST-1296,2024-03-06,PROD-101,Wireless Noise-Canceling Headphones,Electronics,2,199.99,399.98,Debit Card,Shipped
ORD-11799,CUST-1211,2024-02-18,PROD-109,Portable Bluetooth Speaker,Electronics,1,59.99,59.99,PayPal,Shipped
ORD-11800,CUST-1713,2024-02-03,PROD-112,Leather Laptop Backpack,Accessories,2,85.5,171.0,Apple Pay,Shipped
ORD-11801,CUST-1188,2023-09-17,PROD-108,Fitness Smartwatch v2,Wearables,1,149.95,149.95,Apple Pay,Cancelled
ORD-11802,CUST-1198,2023-10-23,PROD-101,Wireless Noise-Canceling Headphones,Electronics,2,199.99,399.98,PayPal,Delivered
ORD-11803,CUST-1607,2023-10-31,PROD-109,Portable Bluetooth Speaker,Electronics,2,59.99,119.98,Bank Transfer,Delivered
ORD-11804,CUST-1743,2023-10-13,PROD-108,Fitness Smartwatch v2,Wearables,3,149.95,449.85,PayPal,Shipped
ORD-11805,CUST-1181,2023-11-17,PROD-110,Espresso Coffee Machine,Home & Kitchen,2,299.99,599.98,Debit Card,Shipped
ORD-11806,CUST-1991,2023-11-09,PROD-111,Running Shoes Pro,Apparel,2,110.0,220.0,Apple Pay,Delivered
ORD-11807,CUST-1996,2023-12-06,PROD-106,Standing Desk Converter,Furniture,4,179.99,719.96,PayPal,Delivered
ORD-11808,CUST-1433,2024-03-07,PROD-109,Portable Bluetooth Speaker,Electronics,5,59.99,299.95,Apple Pay,Shipped
ORD-11809,CUST-1840,2024-03-14,PROD-108,Fitness Smartwatch v2,Wearables,1,149.95,149.95,Apple Pay,Shipped
ORD-11810,CUST-1086,2024-01-16,PROD-105,4K Ultra HD Monitor 27-inch,Electronics,5,329.0,1645.0,PayPal,Shipped
ORD-11811,CUST-1180,2023-12-28,PROD-105,4K Ultra HD Monitor 27-inch,Electronics,4,329.0,1316.0,Debit Card,Delivered
ORD-11812,CUST-1385,2024-01-02,PROD-109,Portable Bluetooth Speaker,Electronics,5,59.99,299.95,Credit Card,Delivered
ORD-11813,CUST-1733,2023-10-10,PROD-108,Fitness Smartwatch v2,Wearables,2,149.95,299.9,PayPal,Shipped
ORD-11814,CUST-1883,2024-01-04,PROD-109,Portable Bluetooth Speaker,Electronics,3,59.99,179.97,Apple Pay,Shipped
ORD-11815,CUST-9026,2023-12-08,PROD-112,Leather Laptop Backpack,Accessories,3,85.5,256.5,Apple Pay,Shipped
ORD-11816,CUST-1603,2023-09-10,PROD-102,Ergonomic Office Chair,Furniture,4,249.5,998.0,Credit Card,Returned
ORD-11817,CUST-1580,2024-03-14,PROD-103,Mechanical Gaming Keyboard,Electronics,2,89.99,179.98,Apple Pay,Shipped
ORD-11818,CUST-9049,2024-01-09,PROD-112,Leather Laptop Backpack,Accessories,3,85.5,256.5,Apple Pay,Delivered
ORD-11819,CUST-1378,2024-02-14,PROD-112,Leather Laptop Backpack,Accessories,1,85.5,85.5,Apple Pay,Delivered
ORD-11820,CUST-9048,2024-01-01,PROD-104,Stainless Steel Water Bottle,Home & Kitchen,2,24.99,49.98,Credit Card,Delivered
ORD-11821,CUST-9024,2024-02-26,PROD-111,Running Shoes Pro,Apparel,1,110.0,110.0,PayPal,Shipped
ORD-11822,CUST-1467,2023-11-05,PROD-111,Running Shoes Pro,Apparel,2,110.0,220.0,PayPal,Shipped
ORD-11823,CUST-1975,2023-09-04,PROD-111,Running Shoes Pro,Apparel,2,110.0,220.0,Credit Card,Delivered
ORD-11824,CUST-1660,2023-12-11,PROD-112,Leather Laptop Backpack,Accessories,4,85.5,342.0,Bank Transfer,Delivered
ORD-11825,CUST-9006,2023-12-18,PROD-109,Portable Bluetooth Speaker,Electronics,2,59.99,119.98,PayPal,Delivered
ORD-11826,CUST-1259,2024-01-07,PROD-112,Leather Laptop Backpack,Accessories,3,85.5,256.5,Bank Transfer,Delivered
ORD-11827,CUST-1392,2024-03-06,PROD-110,Espresso Coffee Machine,Home & Kitchen,3,299.99,899.97,Apple Pay,Shipped
ORD-11828,CUST-1947,2023-09-28,PROD-112,Leather Laptop Backpack,Accessories,1,85.5,85.5,Bank Transfer,Returned
ORD-11829,CUST-1353,2024-03-10,PROD-103,Mechanical Gaming Keyboard,Electronics,3,89.99,269.97,PayPal,Delivered
ORD-11830,CUST-9026,2023-09-02,PROD-112,Leather Laptop Backpack,Accessories,3,85.5,256.5,PayPal,Shipped
ORD-11831,CUST-1002,2024-03-17,PROD-102,Ergonomic Office Chair,Furniture,1,249.5,249.5,Apple Pay,Returned
ORD-11832,CUST-1671,2023-10-14,PROD-105,4K Ultra HD Monitor 27-inch,Electronics,4,329.0,1316.0,PayPal,Delivered
ORD-11833,CUST-1721,2024-01-03,PROD-103,Mechanical Gaming Keyboard,Electronics,2,89.99,179.98,PayPal,Delivered
ORD-11834,CUST-1113,2024-03-27,PROD-108,Fitness Smartwatch v2,Wearables,5,149.95,749.75,PayPal,Delivered
ORD-11835,CUST-1061,2024-03-26,PROD-112,Leather Laptop Backpack,Accessories,2,85.5,171.0,PayPal,Processing
ORD-11836,CUST-1924,2024-02-08,PROD-107,Organic Cotton Bed Sheets Set,Home & Kitchen,4,75.0,300.0,Bank Transfer,Delivered
ORD-11837,CUST-1652,2023-11-15,PROD-103,Mechanical Gaming Keyboard,Electronics,1,89.99,89.99,Credit Card,Shipped
ORD-11838,CUST-1284,2023-09-08,PROD-102,Ergonomic Office Chair,Furniture,3,249.5,748.5,Bank Transfer,Shipped
ORD-11839,CUST-1497,2023-09-03,PROD-111,Running Shoes Pro,Apparel,1,110.0,110.0,Credit Card,Cancelled
ORD-11840,CUST-1979,2024-03-21,PROD-101,Wireless Noise-Canceling Headphones,Electronics,5,199.99,999.95,Credit Card,Shipped
ORD-11841,CUST-1535,2024-02-02,PROD-101,Wireless Noise-Canceling Headphones,Electronics,4,199.99,799.96,Bank Transfer,Delivered
ORD-11842,CUST-9049,2023-12-31,PROD-105,4K Ultra HD Monitor 27-inch,Electronics,4,329.0,1316.0,Debit Card,Delivered
ORD-11843,CUST-1345,2023-11-20,PROD-106,Standing Desk Converter,Furniture,3,179.99,539.97,PayPal,Delivered
ORD-11844,CUST-9043,2024-02-04,PROD-107,Organic Cotton Bed Sheets Set,Home & Kitchen,4,75.0,300.0,Credit Card,Delivered
ORD-11845,CUST-9022,2023-12-26,PROD-102,Ergonomic Office Chair,Furniture,1,249.5,249.5,Apple Pay,Cancelled
ORD-11846,CUST-1910,2024-02-02,PROD-103,Mechanical Gaming Keyboard,Electronics,1,89.99,89.99,Credit Card,Shipped
ORD-11847,CUST-1287,2023-12-04,PROD-112,Leather Laptop Backpack,Accessories,2,85.5,171.0,Apple Pay,Shipped
ORD-11848,CUST-1675,2023-12-15,PROD-108,Fitness Smartwatch v2,Wearables,5,149.95,749.75,PayPal,Shipped
ORD-11849,CUST-1654,2024-02-10,PROD-106,Standing Desk Converter,Furniture,1,179.99,179.99,Debit Card,Processing
ORD-11850,CUST-1993,2024-02-21,PROD-112,Leather Laptop Backpack,Accessories,3,85.5,256.5,Apple Pay,Delivered
ORD-11851,CUST-1497,2024-03-22,PROD-107,Organic Cotton Bed Sheets Set,Home & Kitchen,5,75.0,375.0,Credit Card,Shipped
ORD-11852,CUST-1962,2024-03-06,PROD-108,Fitness Smartwatch v2,Wearables,1,149.95,149.95,Apple Pay,Processing
ORD-11853,CUST-1200,2024-01-12,PROD-112,Leather Laptop Backpack,Accessories,2,85.5,171.0,Bank Transfer,Processing
ORD-11854,CUST-1734,2023-10-03,PROD-109,Portable Bluetooth Speaker,Electronics,1,59.99,59.99,Apple Pay,Processing
ORD-11855,CUST-1309,2023-12-29,PROD-111,Running Shoes Pro,Apparel,5,110.0,550.0,PayPal,Cancelled
ORD-11856,CUST-1978,2024-02-17,PROD-102,Ergonomic Office Chair,Furniture,4,249.5,998.0,Bank Transfer,Shipped
ORD-11857,CUST-1217,2023-09-28,PROD-103,Mechanical Gaming Keyboard,Electronics,1,89.99,89.99,Apple Pay,Delivered
ORD-11858,CUST-9002,2023-12-08,PROD-103,Mechanical Gaming Keyboard,Electronics,3,89.99,269.97,Debit Card,Delivered
ORD-11859,CUST-1264,2024-02-19,PROD-111,Running Shoes Pro,Apparel,4,110.0,440.0,Credit Card,Processing
ORD-11860,CUST-1945,2023-09-24,PROD-109,Portable Bluetooth Speaker,Electronics,4,59.99,239.96,Debit Card,Delivered
ORD-11861,CUST-1955,2023-09-17,PROD-110,Espresso Coffee Machine,Home & Kitchen,5,299.99,1499.95,Debit Card,Delivered
ORD-11862,CUST-1735,2024-02-15,PROD-112,Leather Laptop Backpack,Accessories,4,85.5,342.0,Bank Transfer,Delivered
ORD-11863,CUST-9028,2023-11-06,PROD-104,Stainless Steel Water Bottle,Home & Kitchen,2,24.99,49.98,Credit Card,Shipped
ORD-11864,CUST-1115,2024-03-08,PROD-102,Ergonomic Office Chair,Furniture,3,249.5,748.5,Bank Transfer,Delivered
ORD-11865,CUST-9048,2023-12-04,PROD-102,Ergonomic Office Chair,Furniture,5,249.5,1247.5,PayPal,Returned
ORD-11866,CUST-1977,2024-03-07,PROD-107,Organic Cotton Bed Sheets Set,Home & Kitchen,5,75.0,375.0,Credit Card,Cancelled
ORD-11867,CUST-1605,2023-12-09,PROD-109,Portable Bluetooth Speaker,Electronics,2,59.99,119.98,Apple Pay,Shipped
ORD-11868,CUST-1374,2024-01-12,PROD-111,Running Shoes Pro,Apparel,2,110.0,220.0,Bank Transfer,Shipped
ORD-11869,CUST-1110,2024-01-16,PROD-107,Organic Cotton Bed Sheets Set,Home & Kitchen,1,75.0,75.0,Apple Pay,Shipped
ORD-11870,CUST-1836,2024-01-06,PROD-105,4K Ultra HD Monitor 27-inch,Electronics,2,329.0,658.0,Apple Pay,Delivered
ORD-11871,CUST-1291,2024-02-01,PROD-103,Mechanical Gaming Keyboard,Electronics,1,89.99,89.99,Debit Card,Processing
ORD-11872,CUST-1706,2024-02-28,PROD-102,Ergonomic Office Chair,Furniture,3,249.5,748.5,Bank Transfer,Shipped
ORD-11873,CUST-1849,2023-11-14,PROD-104,Stainless Steel Water Bottle,Home & Kitchen,4,24.99,99.96,Apple Pay,Delivered
ORD-11874,CUST-1830,2024-03-30,PROD-106,Standing Desk Converter,Furniture,2,179.99,359.98,PayPal,Processing
ORD-11875,CUST-1957,2024-03-17,PROD-104,Stainless Steel Water Bottle,Home & Kitchen,1,24.99,24.99,PayPal,Delivered
ORD-11876,CUST-1745,2024-03-27,PROD-107,Organic Cotton Bed Sheets Set,Home & Kitchen,3,75.0,225.0,PayPal,Delivered
ORD-11877,CUST-9036,2023-12-18,PROD-107,Organic Cotton Bed Sheets Set,Home & Kitchen,3,75.0,225.0,Apple Pay,Delivered
ORD-11878,CUST-9049,2023-09-19,PROD-107,Organic Cotton Bed Sheets Set,Home & Kitchen,4,75.0,300.0,Bank Transfer,Delivered
ORD-11879,CUST-1290,2024-02-27,PROD-112,Leather Laptop Backpack,Accessories,2,85.5,171.0,Bank Transfer,Shipped
ORD-11880,CUST-1135,2024-03-25,PROD-106,Standing Desk Converter,Furniture,5,179.99,899.95,Credit Card,Delivered
ORD-11881,CUST-1727,2024-02-15,PROD-105,4K Ultra HD Monitor 27-inch,Electronics,4,329.0,1316.0,PayPal,Delivered
ORD-11882,CUST-1453,2023-11-14,PROD-112,Leather Laptop Backpack,Accessories,4,85.5,342.0,PayPal,Processing
ORD-11883,CUST-1824,2024-03-07,PROD-112,Leather Laptop Backpack,Accessories,2,85.5,171.0,Credit Card,Delivered
ORD-11884,CUST-1877,2024-02-21,PROD-110,Espresso Coffee Machine,Home & Kitchen,1,299.99,299.99,PayPal,Delivered
ORD-11885,CUST-1438,2023-09-15,PROD-111,Running Shoes Pro,Apparel,2,110.0,220.0,Credit Card,Shipped
ORD-11886,CUST-1486,2023-10-01,PROD-103,Mechanical Gaming Keyboard,Electronics,1,89.99,89.99,Bank Transfer,Delivered
ORD-11887,CUST-1608,2024-02-08,PROD-107,Organic Cotton Bed Sheets Set,Home & Kitchen,2,75.0,150.0,Apple Pay,Shipped
ORD-11888,CUST-1122,2024-01-04,PROD-104,Stainless Steel Water Bottle,Home & Kitchen,4,24.99,99.96,Debit Card,Shipped
ORD-11889,CUST-1978,2024-03-17,PROD-103,Mechanical Gaming Keyboard,Electronics,4,89.99,359.96,Credit Card,Delivered
ORD-11890,CUST-1886,2023-11-10,PROD-111,Running Shoes Pro,Apparel,4,110.0,440.0,Apple Pay,Returned
ORD-11891,CUST-1123,2023-10-02,PROD-102,Ergonomic Office Chair,Furniture,1,249.5,249.5,Apple Pay,Shipped
ORD-11892,CUST-1931,2023-09-06,PROD-109,Portable Bluetooth Speaker,Electronics,2,59.99,119.98,Bank Transfer,Delivered
ORD-11893,CUST-1587,2024-02-25,PROD-108,Fitness Smartwatch v2,Wearables,3,149.95,449.85,Credit Card,Processing
ORD-11894,CUST-1186,2024-02-13,PROD-107,Organic Cotton Bed Sheets Set,Home & Kitchen,4,75.0,300.0,Apple Pay,Shipped
ORD-11895,CUST-1129,2023-09-17,PROD-102,Ergonomic Office Chair,Furniture,3,249.5,748.5,Bank Transfer,Delivered
ORD-11896,CUST-1833,2023-12-10,PROD-112,Leather Laptop Backpack,Accessories,1,85.5,85.5,Bank Transfer,Delivered
ORD-11897,CUST-1803,2023-09-17,PROD-109,Portable Bluetooth Speaker,Electronics,4,59.99,239.96,Bank Transfer,Delivered
ORD-11898,CUST-1552,2024-03-11,PROD-112,Leather Laptop Backpack,Accessories,1,85.5,85.5,PayPal,Shipped
ORD-11899,CUST-9008,2024-02-25,PROD-103,Mechanical Gaming Keyboard,Electronics,5,89.99,449.95,PayPal,Delivered
ORD-11900,CUST-1458,2023-09-11,PROD-106,Standing Desk Converter,Furniture,1,179.99,179.99,PayPal,Delivered
ORD-11901,CUST-1669,2024-01-22,PROD-103,Mechanical Gaming Keyboard,Electronics,1,89.99,89.99,Debit Card,Delivered
ORD-11902,CUST-1036,2024-01-08,PROD-102,Ergonomic Office Chair,Furniture,1,249.5,249.5,Debit Card,Shipped
ORD-11903,CUST-1558,2024-02-16,PROD-103,Mechanical Gaming Keyboard,Electronics,4,89.99,359.96,Credit Card,Delivered
ORD-11904,CUST-1048,2024-02-16,PROD-109,Portable Bluetooth Speaker,Electronics,3,59.99,179.97,Bank Transfer,Shipped
ORD-11905,CUST-1591,2024-01-12,PROD-108,Fitness Smartwatch v2,Wearables,3,149.95,449.85,Debit Card,Delivered
ORD-11906,CUST-1523,2024-02-17,PROD-104,Stainless Steel Water Bottle,Home & Kitchen,1,24.99,24.99,Credit Card,Shipped
ORD-11907,CUST-1193,2023-10-26,PROD-103,Mechanical Gaming Keyboard,Electronics,3,89.99,269.97,PayPal,Cancelled
ORD-11908,CUST-1222,2023-11-11,PROD-110,Espresso Coffee Machine,Home & Kitchen,3,299.99,899.97,PayPal,Delivered
ORD-11909,CUST-1433,2023-11-05,PROD-102,Ergonomic Office Chair,Furniture,5,249.5,1247.5,Debit Card,Shipped
ORD-11910,CUST-1926,2023-12-26,PROD-103,Mechanical Gaming Keyboard,Electronics,4,89.99,359.96,Credit Card,Shipped
ORD-11911,CUST-9044,2024-01-16,PROD-107,Organic Cotton Bed Sheets Set,Home & Kitchen,2,75.0,150.0,PayPal,Shipped
ORD-11912,CUST-1751,2024-03-01,PROD-105,4K Ultra HD Monitor 27-inch,Electronics,2,329.0,658.0,Debit Card,Processing
ORD-11913,CUST-1664,2023-10-12,PROD-109,Portable Bluetooth Speaker,Electronics,5,59.99,299.95,Apple Pay,Returned
ORD-11914,CUST-1324,2023-09-07,PROD-107,Organic Cotton Bed Sheets Set,Home & Kitchen,4,75.0,300.0,Bank Transfer,Delivered
ORD-11915,CUST-1277,2023-09-29,PROD-102,Ergonomic Office Chair,Furniture,5,249.5,1247.5,Bank Transfer,Delivered
ORD-11916,CUST-1338,2023-12-02,PROD-111,Running Shoes Pro,Apparel,1,110.0,110.0,Debit Card,Delivered
ORD-11917,CUST-1150,2023-09-03,PROD-104,Stainless Steel Water Bottle,Home & Kitchen,3,24.99,74.97,Credit Card,Processing
ORD-11918,CUST-1993,2023-09-27,PROD-104,Stainless Steel Water Bottle,Home & Kitchen,4,24.99,99.96,Credit Card,Delivered
ORD-11919,CUST-1746,2024-03-29,PROD-105,4K Ultra HD Monitor 27-inch,Electronics,5,329.0,1645.0,Apple Pay,Delivered
ORD-11920,CUST-1358,2023-11-12,PROD-112,Leather Laptop Backpack,Accessories,5,85.5,427.5,Bank Transfer,Delivered
ORD-11921,CUST-1102,2023-11-21,PROD-101,Wireless Noise-Canceling Headphones,Electronics,2,199.99,399.98,Apple Pay,Delivered
ORD-11922,CUST-1826,2024-01-20,PROD-112,Leather Laptop Backpack,Accessories,5,85.5,427.5,Bank Transfer,Shipped
ORD-11923,CUST-1413,2023-10-03,PROD-108,Fitness Smartwatch v2,Wearables,5,149.95,749.75,Debit Card,Delivered
ORD-11924,CUST-1526,2024-02-16,PROD-112,Leather Laptop Backpack,Accessories,2,85.5,171.0,PayPal,Delivered
ORD-11925,CUST-1582,2023-09-14,PROD-112,Leather Laptop Backpack,Accessories,3,85.5,256.5,Debit Card,Delivered
ORD-11926,CUST-1256,2023-12-17,PROD-111,Running Shoes Pro,Apparel,5,110.0,550.0,Apple Pay,Shipped
ORD-11927,CUST-1363,2023-11-13,PROD-108,Fitness Smartwatch v2,Wearables,5,149.95,749.75,Debit Card,Delivered
ORD-11928,CUST-9034,2023-11-18,PROD-112,Leather Laptop Backpack,Accessories,2,85.5,171.0,Credit Card,Delivered
ORD-11929,CUST-9027,2024-02-10,PROD-106,Standing Desk Converter,Furniture,1,179.99,179.99,Credit Card,Delivered
ORD-11930,CUST-1246,2024-01-26,PROD-102,Ergonomic Office Chair,Furniture,2,249.5,499.0,Credit Card,Shipped
ORD-11931,CUST-1293,2024-03-25,PROD-109,Portable Bluetooth Speaker,Electronics,4,59.99,239.96,Credit Card,Delivered
ORD-11932,CUST-9028,2024-03-06,PROD-111,Running Shoes Pro,Apparel,5,110.0,550.0,PayPal,Delivered
ORD-11933,CUST-1528,2024-02-26,PROD-111,Running Shoes Pro,Apparel,5,110.0,550.0,Credit Card,Delivered
ORD-11934,CUST-1632,2024-03-01,PROD-104,Stainless Steel Water Bottle,Home & Kitchen,1,24.99,24.99,Apple Pay,Delivered
ORD-11935,CUST-1768,2024-03-08,PROD-106,Standing Desk Converter,Furniture,2,179.99,359.98,Bank Transfer,Delivered
ORD-11936,CUST-1044,2023-10-14,PROD-110,Espresso Coffee Machine,Home & Kitchen,4,299.99,1199.96,Bank Transfer,Processing
ORD-11937,CUST-9012,2023-10-05,PROD-102,Ergonomic Office Chair,Furniture,3,249.5,748.5,Bank Transfer,Shipped
ORD-11938,CUST-1053,2023-12-07,PROD-107,Organic Cotton Bed Sheets Set,Home & Kitchen,4,75.0,300.0,PayPal,Processing
ORD-11939,CUST-1116,2024-03-31,PROD-106,Standing Desk Converter,Furniture,2,179.99,359.98,Bank Transfer,Delivered
ORD-11940,CUST-1879,2023-11-16,PROD-102,Ergonomic Office Chair,Furniture,3,249.5,748.5,Apple Pay,Shipped
ORD-11941,CUST-1219,2023-12-10,PROD-101,Wireless Noise-Canceling Headphones,Electronics,5,199.99,999.95,PayPal,Shipped
ORD-11942,CUST-9042,2023-12-28,PROD-109,Portable Bluetooth Speaker,Electronics,1,59.99,59.99,Bank Transfer,Shipped
ORD-11943,CUST-1059,2024-02-05,PROD-106,Standing Desk Converter,Furniture,1,179.99,179.99,Apple Pay,Delivered
ORD-11944,CUST-1363,2023-11-29,PROD-102,Ergonomic Office Chair,Furniture,1,249.5,249.5,PayPal,Delivered
ORD-11945,CUST-1010,2024-01-04,PROD-102,Ergonomic Office Chair,Furniture,4,249.5,998.0,PayPal,Delivered
ORD-11946,CUST-1527,2023-10-02,PROD-103,Mechanical Gaming Keyboard,Electronics,4,89.99,359.96,Apple Pay,Delivered
ORD-11947,CUST-1788,2023-10-28,PROD-111,Running Shoes Pro,Apparel,3,110.0,330.0,Apple Pay,Delivered
ORD-11948,CUST-1307,2023-10-17,PROD-106,Standing Desk Converter,Furniture,4,179.99,719.96,Bank Transfer,Shipped
ORD-11949,CUST-1112,2023-10-12,PROD-108,Fitness Smartwatch v2,Wearables,4,149.95,599.8,PayPal,Shipped
ORD-11950,CUST-1445,2024-02-29,PROD-101,Wireless Noise-Canceling Headphones,Electronics,3,199.99,599.97,PayPal,Delivered
ORD-11951,CUST-1292,2023-12-11,PROD-101,Wireless Noise-Canceling Headphones,Electronics,2,199.99,399.98,Apple Pay,Shipped
ORD-11952,CUST-1923,2024-02-18,PROD-101,Wireless Noise-Canceling Headphones,Electronics,2,199.99,399.98,PayPal,Shipped
ORD-11953,CUST-9043,2023-12-17,PROD-105,4K Ultra HD Monitor 27-inch,Electronics,1,329.0,329.0,Apple Pay,Delivered
ORD-11954,CUST-1820,2023-11-23,PROD-111,Running Shoes Pro,Apparel,2,110.0,220.0,Apple Pay,Delivered
ORD-11955,CUST-1946,2023-10-04,PROD-112,Leather Laptop Backpack,Accessories,4,85.5,342.0,Credit Card,Returned
ORD-11956,CUST-9002,2023-11-28,PROD-103,Mechanical Gaming Keyboard,Electronics,2,89.99,179.98,Bank Transfer,Cancelled
ORD-11957,CUST-1701,2024-02-21,PROD-104,Stainless Steel Water Bottle,Home & Kitchen,1,24.99,24.99,Debit Card,Delivered
ORD-11958,CUST-1612,2023-12-21,PROD-112,Leather Laptop Backpack,Accessories,1,85.5,85.5,Apple Pay,Delivered
ORD-11959,CUST-1498,2023-11-03,PROD-102,Ergonomic Office Chair,Furniture,4,249.5,998.0,Bank Transfer,Delivered
ORD-11960,CUST-1524,2023-11-11,PROD-103,Mechanical Gaming Keyboard,Electronics,2,89.99,179.98,Credit Card,Delivered
ORD-11961,CUST-1718,2023-10-21,PROD-104,Stainless Steel Water Bottle,Home & Kitchen,4,24.99,99.96,Apple Pay,Shipped
ORD-11962,CUST-1830,2024-02-04,PROD-102,Ergonomic Office Chair,Furniture,5,249.5,1247.5,PayPal,Delivered
ORD-11963,CUST-1876,2023-10-29,PROD-110,Espresso Coffee Machine,Home & Kitchen,2,299.99,599.98,Credit Card,Processing
ORD-11964,CUST-1040,2023-10-08,PROD-105,4K Ultra HD Monitor 27-inch,Electronics,2,329.0,658.0,Apple Pay,Delivered
ORD-11965,CUST-1205,2023-12-07,PROD-102,Ergonomic Office Chair,Furniture,1,249.5,249.5,Apple Pay,Delivered
ORD-11966,CUST-1717,2023-10-27,PROD-111,Running Shoes Pro,Apparel,2,110.0,220.0,Debit Card,Delivered
ORD-11967,CUST-1063,2024-02-12,PROD-109,Portable Bluetooth Speaker,Electronics,4,59.99,239.96,Credit Card,Shipped
ORD-11968,CUST-1276,2023-11-29,PROD-106,Standing Desk Converter,Furniture,3,179.99,539.97,Apple Pay,Delivered
ORD-11969,CUST-1917,2023-09-11,PROD-101,Wireless Noise-Canceling Headphones,Electronics,2,199.99,399.98,Credit Card,Shipped
ORD-11970,CUST-1763,2023-11-13,PROD-106,Standing Desk Converter,Furniture,2,179.99,359.98,Apple Pay,Shipped
ORD-11971,CUST-1622,2023-10-18,PROD-102,Ergonomic Office Chair,Furniture,4,249.5,998.0,Debit Card,Shipped
ORD-11972,CUST-9024,2023-09-29,PROD-106,Standing Desk Converter,Furniture,3,179.99,539.97,Credit Card,Processing
ORD-11973,CUST-1700,2023-11-24,PROD-109,Portable Bluetooth Speaker,Electronics,2,59.99,119.98,Debit Card,Shipped
ORD-11974,CUST-1371,2024-01-14,PROD-112,Leather Laptop Backpack,Accessories,5,85.5,427.5,Bank Transfer,Delivered
ORD-11975,CUST-1666,2024-01-28,PROD-105,4K Ultra HD Monitor 27-inch,Electronics,2,329.0,658.0,Apple Pay,Shipped
ORD-11976,CUST-1109,2023-10-01,PROD-103,Mechanical Gaming Keyboard,Electronics,5,89.99,449.95,Credit Card,Cancelled
ORD-11977,CUST-1935,2023-10-20,PROD-111,Running Shoes Pro,Apparel,2,110.0,220.0,Apple Pay,Shipped
ORD-11978,CUST-9005,2023-11-27,PROD-109,Portable Bluetooth Speaker,Electronics,5,59.99,299.95,Debit Card,Delivered
ORD-11979,CUST-1780,2024-03-03,PROD-104,Stainless Steel Water Bottle,Home & Kitchen,5,24.99,124.95,PayPal,Processing
ORD-11980,CUST-1197,2024-03-01,PROD-107,Organic Cotton Bed Sheets Set,Home & Kitchen,5,75.0,375.0,Debit Card,Processing
ORD-11981,CUST-1778,2023-12-03,PROD-109,Portable Bluetooth Speaker,Electronics,3,59.99,179.97,Apple Pay,Shipped
ORD-11982,CUST-1121,2024-01-02,PROD-107,Organic Cotton Bed Sheets Set,Home & Kitchen,1,75.0,75.0,Apple Pay,Processing
ORD-11983,CUST-1976,2023-10-13,PROD-109,Portable Bluetooth Speaker,Electronics,1,59.99,59.99,Bank Transfer,Delivered
ORD-11984,CUST-1991,2023-09-12,PROD-103,Mechanical Gaming Keyboard,Electronics,3,89.99,269.97,Bank Transfer,Delivered
ORD-11985,CUST-1996,2024-03-08,PROD-112,Leather Laptop Backpack,Accessories,2,85.5,171.0,Apple Pay,Shipped
ORD-11986,CUST-1546,2023-10-13,PROD-109,Portable Bluetooth Speaker,Electronics,1,59.99,59.99,Apple Pay,Shipped
ORD-11987,CUST-1394,2023-12-12,PROD-109,Portable Bluetooth Speaker,Electronics,4,59.99,239.96,Bank Transfer,Delivered
ORD-11988,CUST-1189,2024-01-25,PROD-101,Wireless Noise-Canceling Headphones,Electronics,2,199.99,399.98,PayPal,Delivered
ORD-11989,CUST-1010,2024-01-07,PROD-109,Portable Bluetooth Speaker,Electronics,4,59.99,239.96,Bank Transfer,Delivered
ORD-11990,CUST-1873,2024-02-29,PROD-104,Stainless Steel Water Bottle,Home & Kitchen,3,24.99,74.97,Debit Card,Delivered
ORD-11991,CUST-1176,2024-01-15,PROD-104,Stainless Steel Water Bottle,Home & Kitchen,1,24.99,24.99,PayPal,Delivered
ORD-11992,CUST-1655,2023-10-05,PROD-103,Mechanical Gaming Keyboard,Electronics,3,89.99,269.97,Debit Card,Shipped
ORD-11993,CUST-1053,2024-03-29,PROD-111,Running Shoes Pro,Apparel,2,110.0,220.0,PayPal,Delivered
ORD-11994,CUST-1002,2024-02-09,PROD-111,Running Shoes Pro,Apparel,3,110.0,330.0,Bank Transfer,Shipped
ORD-11995,CUST-9021,2023-11-07,PROD-102,Ergonomic Office Chair,Furniture,5,249.5,1247.5,PayPal,Delivered
ORD-11996,CUST-1627,2023-09-15,PROD-105,4K Ultra HD Monitor 27-inch,Electronics,3,329.0,987.0,Credit Card,Delivered
ORD-11997,CUST-1225,2023-10-16,PROD-112,Leather Laptop Backpack,Accessories,3,85.5,256.5,Debit Card,Cancelled
ORD-11998,CUST-9035,2023-09-28,PROD-111,Running Shoes Pro,Apparel,5,110.0,550.0,Apple Pay,Shipped
ORD-11999,CUST-9017,2024-01-20,PROD-111,Running Shoes Pro,Apparel,5,110.0,550.0,PayPal,Shipped
ORD-12000,CUST-1226,2023-10-23,PROD-106,Standing Desk Converter,Furniture,3,179.99,539.97,Bank Transfer,Shipped
ORD-12001,CUST-1879,2023-12-24,PROD-107,Organic Cotton Bed Sheets Set,Home & Kitchen,2,75.0,150.0,PayPal,Shipped
ORD-12002,CUST-1445,2024-01-01,PROD-106,Standing Desk Converter,Furniture,2,179.99,359.98,Credit Card,Shipped
ORD-12003,CUST-1471,2023-10-19,PROD-103,Mechanical Gaming Keyboard,Electronics,2,89.99,179.98,Bank Transfer,Cancelled
ORD-12004,CUST-1747,2023-09-06,PROD-103,Mechanical Gaming Keyboard,Electronics,3,89.99,269.97,Debit Card,Shipped
ORD-12005,CUST-1182,2023-10-19,PROD-107,Organic Cotton Bed Sheets Set,Home & Kitchen,5,75.0,375.0,Credit Card,Shipped
ORD-12006,CUST-1437,2024-02-13,PROD-104,Stainless Steel Water Bottle,Home & Kitchen,4,24.99,99.96,Apple Pay,Delivered
ORD-12007,CUST-1540,2024-02-02,PROD-103,Mechanical Gaming Keyboard,Electronics,1,89.99,89.99,Credit Card,Delivered
ORD-12008,CUST-1022,2024-03-14,PROD-102,Ergonomic Office Chair,Furniture,1,249.5,249.5,Credit Card,Delivered
ORD-12009,CUST-1789,2023-10-07,PROD-102,Ergonomic Office Chair,Furniture,3,249.5,748.5,Bank Transfer,Shipped
ORD-12010,CUST-1990,2024-01-17,PROD-101,Wireless Noise-Canceling Headphones,Electronics,1,199.99,199.99,Debit Card,Delivered
ORD-12011,CUST-1088,2024-01-01,PROD-104,Stainless Steel Water Bottle,Home & Kitchen,2,24.99,49.98,Bank Transfer,Shipped
ORD-12012,CUST-1836,2023-11-24,PROD-103,Mechanical Gaming Keyboard,Electronics,3,89.99,269.97,Apple Pay,Shipped
ORD-12013,CUST-1058,2024-02-08,PROD-109,Portable Bluetooth Speaker,Electronics,3,59.99,179.97,Bank Transfer,Cancelled
ORD-12014,CUST-1845,2024-01-18,PROD-101,Wireless Noise-Canceling Headphones,Electronics,1,199.99,199.99,Debit Card,Shipped
ORD-12015,CUST-1908,2023-09-01,PROD-107,Organic Cotton Bed Sheets Set,Home & Kitchen,2,75.0,150.0,PayPal,Delivered
ORD-12016,CUST-1438,2023-11-30,PROD-107,Organic Cotton Bed Sheets Set,Home & Kitchen,2,75.0,150.0,Debit Card,Delivered
ORD-12017,CUST-1901,2024-02-23,PROD-111,Running Shoes Pro,Apparel,4,110.0,440.0,Credit Card,Shipped
ORD-12018,CUST-1113,2023-11-12,PROD-104,Stainless Steel Water Bottle,Home & Kitchen,1,24.99,24.99,Debit Card,Processing
ORD-12019,CUST-1342,2023-09-22,PROD-102,Ergonomic Office Chair,Furniture,3,249.5,748.5,Credit Card,Shipped
ORD-12020,CUST-1183,2023-11-25,PROD-107,Organic Cotton Bed Sheets Set,Home & Kitchen,5,75.0,375.0,Bank Transfer,Delivered
ORD-12021,CUST-1436,2024-02-07,PROD-103,Mechanical Gaming Keyboard,Electronics,3,89.99,269.97,Debit Card,Returned
ORD-12022,CUST-1107,2024-02-17,PROD-105,4K Ultra HD Monitor 27-inch,Electronics,4,329.0,1316.0,Debit Card,Delivered
ORD-12023,CUST-9046,2023-10-09,PROD-102,Ergonomic Office Chair,Furniture,1,249.5,249.5,PayPal,Cancelled
ORD-12024,CUST-1400,2024-03-27,PROD-108,Fitness Smartwatch v2,Wearables,4,149.95,599.8,Credit Card,Shipped
ORD-12025,CUST-1438,2023-10-08,PROD-112,Leather Laptop Backpack,Accessories,3,85.5,256.5,Credit Card,Delivered
ORD-12026,CUST-1131,2023-11-30,PROD-103,Mechanical Gaming Keyboard,Electronics,4,89.99,359.96,Debit Card,Shipped
ORD-12027,CUST-1493,2024-02-02,PROD-112,Leather Laptop Backpack,Accessories,4,85.5,342.0,Debit Card,Delivered
ORD-12028,CUST-1967,2023-12-08,PROD-111,Running Shoes Pro,Apparel,2,110.0,220.0,Apple Pay,Returned
ORD-12029,CUST-1552,2024-01-15,PROD-109,Portable Bluetooth Speaker,Electronics,4,59.99,239.96,Bank Transfer,Shipped
ORD-12030,CUST-1394,2024-03-02,PROD-102,Ergonomic Office Chair,Furniture,5,249.5,1247.5,Apple Pay,Delivered
ORD-12031,CUST-1796,2024-02-27,PROD-112,Leather Laptop Backpack,Accessories,2,85.5,171.0,Credit Card,Shipped
ORD-12032,CUST-1003,2023-12-02,PROD-104,Stainless Steel Water Bottle,Home & Kitchen,1,24.99,24.99,Bank Transfer,Delivered
ORD-12033,CUST-1137,2023-11-29,PROD-102,Ergonomic Office Chair,Furniture,1,249.5,249.5,Debit Card,Delivered
ORD-12034,CUST-1888,2023-12-27,PROD-103,Mechanical Gaming Keyboard,Electronics,3,89.99,269.97,PayPal,Returned
ORD-12035,CUST-1565,2023-10-24,PROD-107,Organic Cotton Bed Sheets Set,Home & Kitchen,2,75.0,150.0,PayPal,Delivered
ORD-12036,CUST-1142,2023-12-06,PROD-102,Ergonomic Office Chair,Furniture,2,249.5,499.0,Credit Card,Shipped
ORD-12037,CUST-1435,2024-02-27,PROD-106,Standing Desk Converter,Furniture,1,179.99,179.99,Credit Card,Shipped
ORD-12038,CUST-1076,2023-10-11,PROD-108,Fitness Smartwatch v2,Wearables,5,149.95,749.75,Credit Card,Shipped
ORD-12039,CUST-1145,2023-09-20,PROD-102,Ergonomic Office Chair,Furniture,2,249.5,499.0,Credit Card,Shipped
ORD-12040,CUST-1834,2024-03-14,PROD-107,Organic Cotton Bed Sheets Set,Home & Kitchen,2,75.0,150.0,PayPal,Shipped
ORD-12041,CUST-1144,2024-02-26,PROD-112,Leather Laptop Backpack,Accessories,5,85.5,427.5,Debit Card,Processing
ORD-12042,CUST-1740,2024-03-19,PROD-106,Standing Desk Converter,Furniture,4,179.99,719.96,Credit Card,Delivered
ORD-12043,CUST-1160,2024-02-02,PROD-101,Wireless Noise-Canceling Headphones,Electronics,1,199.99,199.99,PayPal,Delivered
ORD-12044,CUST-1012,2024-02-22,PROD-107,Organic Cotton Bed Sheets Set,Home & Kitchen,4,75.0,300.0,Apple Pay,Shipped
ORD-12045,CUST-1850,2024-01-07,PROD-105,4K Ultra HD Monitor 27-inch,Electronics,5,329.0,1645.0,Debit Card,Processing
ORD-12046,CUST-1434,2023-09-24,PROD-103,Mechanical Gaming Keyboard,Electronics,3,89.99,269.97,Bank Transfer,Delivered
ORD-12047,CUST-1974,2023-12-12,PROD-103,Mechanical Gaming Keyboard,Electronics,2,89.99,179.98,Bank Transfer,Shipped
ORD-12048,CUST-1402,2024-02-02,PROD-103,Mechanical Gaming Keyboard,Electronics,5,89.99,449.95,Credit Card,Delivered
ORD-12049,CUST-1480,2024-02-15,PROD-108,Fitness Smartwatch v2,Wearables,3,149.95,449.85,Apple Pay,Delivered
ORD-12050,CUST-1169,2024-02-13,PROD-101,Wireless Noise-Canceling Headphones,Electronics,3,199.99,599.97,Apple Pay,Shipped
ORD-12051,CUST-1112,2023-12-02,PROD-102,Ergonomic Office Chair,Furniture,1,249.5,249.5,Bank Transfer,Delivered
ORD-12052,CUST-1344,2023-11-12,PROD-101,Wireless Noise-Canceling Headphones,Electronics,2,199.99,399.98,PayPal,Delivered
ORD-12053,CUST-1067,2023-09-03,PROD-104,Stainless Steel Water Bottle,Home & Kitchen,5,24.99,124.95,Debit Card,Shipped
ORD-12054,CUST-1207,2023-11-01,PROD-111,Running Shoes Pro,Apparel,1,110.0,110.0,Debit Card,Cancelled
ORD-12055,CUST-1584,2024-01-23,PROD-110,Espresso Coffee Machine,Home & Kitchen,1,299.99,299.99,Apple Pay,Processing
ORD-12056,CUST-1323,2023-09-03,PROD-102,Ergonomic Office Chair,Furniture,3,249.5,748.5,Debit Card,Delivered
ORD-12057,CUST-1982,2023-10-20,PROD-107,Organic Cotton Bed Sheets Set,Home & Kitchen,5,75.0,375.0,Debit Card,Delivered
ORD-12058,CUST-1744,2024-02-27,PROD-106,Standing Desk Converter,Furniture,2,179.99,359.98,Credit Card,Delivered
ORD-12059,CUST-1919,2023-09-26,PROD-112,Leather Laptop Backpack,Accessories,5,85.5,427.5,Bank Transfer,Delivered
ORD-12060,CUST-1154,2024-03-22,PROD-101,Wireless Noise-Canceling Headphones,Electronics,5,199.99,999.95,Apple Pay,Delivered
ORD-12061,CUST-1890,2023-10-12,PROD-101,Wireless Noise-Canceling Headphones,Electronics,3,199.99,599.97,PayPal,Shipped
ORD-12062,CUST-1081,2024-03-02,PROD-111,Running Shoes Pro,Apparel,1,110.0,110.0,PayPal,Delivered
ORD-12063,CUST-1827,2024-03-15,PROD-111,Running Shoes Pro,Apparel,2,110.0,220.0,PayPal,Processing
ORD-12064,CUST-9033,2024-02-14,PROD-109,Portable Bluetooth Speaker,Electronics,5,59.99,299.95,Bank Transfer,Delivered
ORD-12065,CUST-9022,2023-11-26,PROD-108,Fitness Smartwatch v2,Wearables,2,149.95,299.9,Debit Card,Shipped
ORD-12066,CUST-1877,2024-03-01,PROD-107,Organic Cotton Bed Sheets Set,Home & Kitchen,1,75.0,75.0,Apple Pay,Delivered
ORD-12067,CUST-1626,2023-10-10,PROD-110,Espresso Coffee Machine,Home & Kitchen,1,299.99,299.99,Bank Transfer,Shipped
ORD-12068,CUST-1510,2023-10-07,PROD-102,Ergonomic Office Chair,Furniture,1,249.5,249.5,Debit Card,Shipped
ORD-12069,CUST-1993,2023-09-25,PROD-102,Ergonomic Office Chair,Furniture,4,249.5,998.0,Apple Pay,Shipped
ORD-12070,CUST-1957,2023-09-18,PROD-105,4K Ultra HD Monitor 27-inch,Electronics,2,329.0,658.0,Debit Card,Shipped
ORD-12071,CUST-1362,2023-10-16,PROD-102,Ergonomic Office Chair,Furniture,1,249.5,249.5,Apple Pay,Delivered
ORD-12072,CUST-1485,2024-02-14,PROD-105,4K Ultra HD Monitor 27-inch,Electronics,4,329.0,1316.0,PayPal,Delivered
ORD-12073,CUST-9037,2023-12-03,PROD-108,Fitness Smartwatch v2,Wearables,1,149.95,149.95,Debit Card,Shipped
ORD-12074,CUST-1878,2023-12-22,PROD-110,Espresso Coffee Machine,Home & Kitchen,2,299.99,599.98,Debit Card,Processing
ORD-12075,CUST-1640,2023-09-22,PROD-106,Standing Desk Converter,Furniture,3,179.99,539.97,Apple Pay,Processing
ORD-12076,CUST-1270,2024-02-06,PROD-111,Running Shoes Pro,Apparel,1,110.0,110.0,Credit Card,Processing
ORD-12077,CUST-1251,2023-09-03,PROD-112,Leather Laptop Backpack,Accessories,5,85.5,427.5,PayPal,Shipped
ORD-12078,CUST-1298,2024-01-24,PROD-107,Organic Cotton Bed Sheets Set,Home & Kitchen,2,75.0,150.0,Apple Pay,Delivered
ORD-12079,CUST-1229,2024-02-19,PROD-107,Organic Cotton Bed Sheets Set,Home & Kitchen,4,75.0,300.0,Credit Card,Returned
ORD-12080,CUST-1480,2024-03-28,PROD-111,Running Shoes Pro,Apparel,5,110.0,550.0,Apple Pay,Delivered
ORD-12081,CUST-1185,2023-12-11,PROD-112,Leather Laptop Backpack,Accessories,1,85.5,85.5,Apple Pay,Shipped
ORD-12082,CUST-1337,2023-11-27,PROD-102,Ergonomic Office Chair,Furniture,3,249.5,748.5,Bank Transfer,Shipped
ORD-12083,CUST-1720,2023-09-30,PROD-112,Leather Laptop Backpack,Accessories,4,85.5,342.0,Debit Card,Delivered
ORD-12084,CUST-1559,2023-10-08,PROD-103,Mechanical Gaming Keyboard,Electronics,4,89.99,359.96,PayPal,Cancelled
ORD-12085,CUST-1033,2023-09-16,PROD-110,Espresso Coffee Machine,Home & Kitchen,4,299.99,1199.96,Debit Card,Delivered
ORD-12086,CUST-1485,2023-10-25,PROD-104,Stainless Steel Water Bottle,Home & Kitchen,1,24.99,24.99,Credit Card,Delivered
ORD-12087,CUST-9044,2023-11-04,PROD-107,Organic Cotton Bed Sheets Set,Home & Kitchen,3,75.0,225.0,PayPal,Shipped
ORD-12088,CUST-1071,2023-09-21,PROD-105,4K Ultra HD Monitor 27-inch,Electronics,4,329.0,1316.0,Debit Card,Delivered
ORD-12089,CUST-1463,2023-10-25,PROD-107,Organic Cotton Bed Sheets Set,Home & Kitchen,5,75.0,375.0,Debit Card,Processing
ORD-12090,CUST-1056,2023-11-27,PROD-102,Ergonomic Office Chair,Furniture,4,249.5,998.0,Debit Card,Delivered
ORD-12091,CUST-1358,2023-12-31,PROD-107,Organic Cotton Bed Sheets Set,Home & Kitchen,4,75.0,300.0,Bank Transfer,Delivered
ORD-12092,CUST-1165,2023-11-30,PROD-112,Leather Laptop Backpack,Accessories,4,85.5,342.0,Bank Transfer,Returned
ORD-12093,CUST-1011,2023-10-21,PROD-109,Portable Bluetooth Speaker,Electronics,5,59.99,299.95,Credit Card,Shipped
ORD-12094,CUST-1593,2023-11-22,PROD-110,Espresso Coffee Machine,Home & Kitchen,2,299.99,599.98,Debit Card,Delivered
ORD-12095,CUST-1919,2024-01-06,PROD-108,Fitness Smartwatch v2,Wearables,2,149.95,299.9,Debit Card,Shipped
ORD-12096,CUST-1994,2023-11-07,PROD-111,Running Shoes Pro,Apparel,4,110.0,440.0,Bank Transfer,Delivered
ORD-12097,CUST-1462,2024-02-11,PROD-103,Mechanical Gaming Keyboard,Electronics,4,89.99,359.96,Bank Transfer,Delivered
ORD-12098,CUST-1224,2023-12-17,PROD-112,Leather Laptop Backpack,Accessories,2,85.5,171.0,Bank Transfer,Delivered
ORD-12099,CUST-1616,2023-11-29,PROD-107,Organic Cotton Bed Sheets Set,Home & Kitchen,2,75.0,150.0,PayPal,Delivered
ORD-12100,CUST-9044,2023-12-04,PROD-110,Espresso Coffee Machine,Home & Kitchen,1,299.99,299.99,Debit Card,Delivered
ORD-12101,CUST-1919,2024-03-28,PROD-105,4K Ultra HD Monitor 27-inch,Electronics,5,329.0,1645.0,Credit Card,Cancelled
ORD-12102,CUST-1665,2023-12-15,PROD-108,Fitness Smartwatch v2,Wearables,4,149.95,599.8,Debit Card,Delivered
ORD-12103,CUST-1556,2024-03-14,PROD-107,Organic Cotton Bed Sheets Set,Home & Kitchen,5,75.0,375.0,Debit Card,Shipped
ORD-12104,CUST-1181,2023-12-05,PROD-108,Fitness Smartwatch v2,Wearables,4,149.95,599.8,PayPal,Delivered
ORD-12105,CUST-1167,2023-12-07,PROD-109,Portable Bluetooth Speaker,Electronics,4,59.99,239.96,Debit Card,Delivered
ORD-12106,CUST-1706,2024-02-10,PROD-111,Running Shoes Pro,Apparel,4,110.0,440.0,Debit Card,Shipped
ORD-12107,CUST-1961,2024-03-25,PROD-102,Ergonomic Office Chair,Furniture,1,249.5,249.5,Credit Card,Processing
ORD-12108,CUST-1017,2023-09-27,PROD-110,Espresso Coffee Machine,Home & Kitchen,4,299.99,1199.96,Apple Pay,Cancelled
ORD-12109,CUST-1639,2024-02-10,PROD-109,Portable Bluetooth Speaker,Electronics,1,59.99,59.99,Apple Pay,Shipped
ORD-12110,CUST-1826,2023-12-17,PROD-101,Wireless Noise-Canceling Headphones,Electronics,3,199.99,599.97,PayPal,Returned
ORD-12111,CUST-1466,2023-09-30,PROD-109,Portable Bluetooth Speaker,Electronics,4,59.99,239.96,PayPal,Shipped
ORD-12112,CUST-1974,2024-03-22,PROD-102,Ergonomic Office Chair,Furniture,3,249.5,748.5,Apple Pay,Shipped
ORD-12113,CUST-1841,2023-09-02,PROD-111,Running Shoes Pro,Apparel,4,110.0,440.0,Debit Card,Shipped
ORD-12114,CUST-1520,2024-02-16,PROD-105,4K Ultra HD Monitor 27-inch,Electronics,3,329.0,987.0,Debit Card,Processing
ORD-12115,CUST-1925,2023-09-02,PROD-107,Organic Cotton Bed Sheets Set,Home & Kitchen,2,75.0,150.0,Apple Pay,Delivered
ORD-12116,CUST-1027,2024-03-28,PROD-103,Mechanical Gaming Keyboard,Electronics,3,89.99,269.97,Bank Transfer,Shipped
ORD-12117,CUST-1615,2023-10-14,PROD-106,Standing Desk Converter,Furniture,3,179.99,539.97,Bank Transfer,Delivered
ORD-12118,CUST-9016,2023-10-20,PROD-109,Portable Bluetooth Speaker,Electronics,4,59.99,239.96,Bank Transfer,Delivered
ORD-12119,CUST-1849,2023-12-19,PROD-101,Wireless Noise-Canceling Headphones,Electronics,5,199.99,999.95,PayPal,Shipped
ORD-12120,CUST-9025,2023-12-13,PROD-112,Leather Laptop Backpack,Accessories,2,85.5,171.0,Debit Card,Processing
ORD-12121,CUST-1448,2024-02-29,PROD-104,Stainless Steel Water Bottle,Home & Kitchen,1,24.99,24.99,PayPal,Processing
ORD-12122,CUST-1647,2024-03-14,PROD-110,Espresso Coffee Machine,Home & Kitchen,4,299.99,1199.96,Debit Card,Delivered
ORD-12123,CUST-1163,2023-09-24,PROD-106,Standing Desk Converter,Furniture,2,179.99,359.98,Credit Card,Returned
ORD-12124,CUST-1012,2023-10-10,PROD-111,Running Shoes Pro,Apparel,5,110.0,550.0,Credit Card,Delivered
ORD-12125,CUST-1557,2023-12-07,PROD-102,Ergonomic Office Chair,Furniture,5,249.5,1247.5,Credit Card,Returned
ORD-12126,CUST-1134,2023-10-18,PROD-108,Fitness Smartwatch v2,Wearables,3,149.95,449.85,PayPal,Delivered
ORD-12127,CUST-1228,2024-01-16,PROD-105,4K Ultra HD Monitor 27-inch,Electronics,2,329.0,658.0,PayPal,Delivered
ORD-12128,CUST-1827,2024-02-16,PROD-107,Organic Cotton Bed Sheets Set,Home & Kitchen,3,75.0,225.0,Credit Card,Shipped
ORD-12129,CUST-1958,2024-02-11,PROD-103,Mechanical Gaming Keyboard,Electronics,1,89.99,89.99,Bank Transfer,Processing
ORD-12130,CUST-1114,2023-10-02,PROD-108,Fitness Smartwatch v2,Wearables,5,149.95,749.75,Credit Card,Delivered
ORD-12131,CUST-1269,2023-09-20,PROD-103,Mechanical Gaming Keyboard,Electronics,1,89.99,89.99,Apple Pay,Shipped
ORD-12132,CUST-1935,2023-09-26,PROD-104,Stainless Steel Water Bottle,Home & Kitchen,4,24.99,99.96,Apple Pay,Shipped
ORD-12133,CUST-1424,2024-02-08,PROD-102,Ergonomic Office Chair,Furniture,4,249.5,998.0,Credit Card,Delivered
ORD-12134,CUST-1430,2024-02-10,PROD-107,Organic Cotton Bed Sheets Set,Home & Kitchen,3,75.0,225.0,Apple Pay,Delivered
ORD-12135,CUST-1185,2023-10-16,PROD-105,4K Ultra HD Monitor 27-inch,Electronics,1,329.0,329.0,Bank Transfer,Delivered
ORD-12136,CUST-1876,2023-11-27,PROD-101,Wireless Noise-Canceling Headphones,Electronics,1,199.99,199.99,Debit Card,Processing
ORD-12137,CUST-1629,2023-09-02,PROD-110,Espresso Coffee Machine,Home & Kitchen,5,299.99,1499.95,PayPal,Shipped
ORD-12138,CUST-1261,2024-02-03,PROD-102,Ergonomic Office Chair,Furniture,2,249.5,499.0,Credit Card,Delivered
ORD-12139,CUST-1531,2023-10-26,PROD-109,Portable Bluetooth Speaker,Electronics,2,59.99,119.98,Debit Card,Shipped
ORD-12140,CUST-1223,2023-10-06,PROD-101,Wireless Noise-Canceling Headphones,Electronics,3,199.99,599.97,PayPal,Processing
ORD-12141,CUST-1709,2023-11-10,PROD-103,Mechanical Gaming Keyboard,Electronics,3,89.99,269.97,Apple Pay,Processing
ORD-12142,CUST-1095,2024-02-14,PROD-106,Standing Desk Converter,Furniture,5,179.99,899.95,Debit Card,Delivered
ORD-12143,CUST-1829,2024-01-10,PROD-108,Fitness Smartwatch v2,Wearables,4,149.95,599.8,Apple Pay,Delivered
ORD-12144,CUST-9017,2024-02-23,PROD-103,Mechanical Gaming Keyboard,Electronics,2,89.99,179.98,Debit Card,Shipped
ORD-12145,CUST-9007,2023-11-19,PROD-110,Espresso Coffee Machine,Home & Kitchen,5,299.99,1499.95,PayPal,Delivered
ORD-12146,CUST-1977,2023-12-20,PROD-112,Leather Laptop Backpack,Accessories,4,85.5,342.0,Apple Pay,Processing
ORD-12147,CUST-1766,2024-02-07,PROD-105,4K Ultra HD Monitor 27-inch,Electronics,3,329.0,987.0,Credit Card,Delivered
ORD-12148,CUST-1440,2023-11-30,PROD-104,Stainless Steel Water Bottle,Home & Kitchen,5,24.99,124.95,Debit Card,Delivered
ORD-12149,CUST-1840,2023-10-13,PROD-102,Ergonomic Office Chair,Furniture,4,249.5,998.0,Credit Card,Delivered
ORD-12150,CUST-9017,2023-11-15,PROD-110,Espresso Coffee Machine,Home & Kitchen,4,299.99,1199.96,Bank Transfer,Processing
ORD-12151,CUST-1661,2023-12-11,PROD-109,Portable Bluetooth Speaker,Electronics,3,59.99,179.97,Credit Card,Shipped
ORD-12152,CUST-1829,2024-03-21,PROD-106,Standing Desk Converter,Furniture,4,179.99,719.96,PayPal,Shipped
ORD-12153,CUST-1075,2023-12-05,PROD-104,Stainless Steel Water Bottle,Home & Kitchen,3,24.99,74.97,PayPal,Delivered
ORD-12154,CUST-1126,2024-02-24,PROD-101,Wireless Noise-Canceling Headphones,Electronics,3,199.99,599.97,Credit Card,Processing
ORD-12155,CUST-1219,2024-03-22,PROD-108,Fitness Smartwatch v2,Wearables,5,149.95,749.75,Debit Card,Shipped
ORD-12156,CUST-1576,2023-11-12,PROD-102,Ergonomic Office Chair,Furniture,4,249.5,998.0,Bank Transfer,Shipped
ORD-12157,CUST-1223,2023-11-11,PROD-102,Ergonomic Office Chair,Furniture,5,249.5,1247.5,Bank Transfer,Shipped
ORD-12158,CUST-9043,2024-02-13,PROD-102,Ergonomic Office Chair,Furniture,5,249.5,1247.5,Apple Pay,Shipped
ORD-12159,CUST-1446,2023-10-21,PROD-106,Standing Desk Converter,Furniture,3,179.99,539.97,PayPal,Delivered
ORD-12160,CUST-1506,2023-11-10,PROD-108,Fitness Smartwatch v2,Wearables,1,149.95,149.95,Apple Pay,Delivered
ORD-12161,CUST-1464,2023-11-23,PROD-103,Mechanical Gaming Keyboard,Electronics,5,89.99,449.95,Bank Transfer,Delivered
ORD-12162,CUST-1591,2023-09-05,PROD-101,Wireless Noise-Canceling Headphones,Electronics,3,199.99,599.97,Bank Transfer,Delivered
ORD-12163,CUST-9030,2023-12-13,PROD-105,4K Ultra HD Monitor 27-inch,Electronics,2,329.0,658.0,Credit Card,Delivered
ORD-12164,CUST-1941,2023-11-26,PROD-109,Portable Bluetooth Speaker,Electronics,1,59.99,59.99,Credit Card,Processing
ORD-12165,CUST-1098,2023-11-10,PROD-107,Organic Cotton Bed Sheets Set,Home & Kitchen,3,75.0,225.0,Debit Card,Delivered
ORD-12166,CUST-1410,2024-03-17,PROD-102,Ergonomic Office Chair,Furniture,5,249.5,1247.5,Debit Card,Returned
ORD-12167,CUST-1049,2024-02-26,PROD-107,Organic Cotton Bed Sheets Set,Home & Kitchen,3,75.0,225.0,Apple Pay,Delivered
ORD-12168,CUST-1657,2024-02-06,PROD-102,Ergonomic Office Chair,Furniture,3,249.5,748.5,Credit Card,Shipped
ORD-12169,CUST-1049,2023-09-27,PROD-101,Wireless Noise-Canceling Headphones,Electronics,2,199.99,399.98,Debit Card,Delivered
ORD-12170,CUST-1742,2023-10-14,PROD-107,Organic Cotton Bed Sheets Set,Home & Kitchen,2,75.0,150.0,Credit Card,Shipped
ORD-12171,CUST-1924,2023-09-02,PROD-106,Standing Desk Converter,Furniture,5,179.99,899.95,Credit Card,Delivered
ORD-12172,CUST-1804,2023-09-13,PROD-101,Wireless Noise-Canceling Headphones,Electronics,1,199.99,199.99,Debit Card,Shipped
ORD-12173,CUST-1338,2024-03-21,PROD-112,Leather Laptop Backpack,Accessories,5,85.5,427.5,Apple Pay,Shipped
ORD-12174,CUST-1175,2023-12-27,PROD-103,Mechanical Gaming Keyboard,Electronics,5,89.99,449.95,Credit Card,Processing
ORD-12175,CUST-1883,2023-12-15,PROD-103,Mechanical Gaming Keyboard,Electronics,5,89.99,449.95,Apple Pay,Shipped
ORD-12176,CUST-1535,2024-01-26,PROD-109,Portable Bluetooth Speaker,Electronics,2,59.99,119.98,Apple Pay,Processing
ORD-12177,CUST-2000,2024-03-16,PROD-105,4K Ultra HD Monitor 27-inch,Electronics,3,329.0,987.0,Apple Pay,Shipped
ORD-12178,CUST-1271,2023-11-30,PROD-105,4K Ultra HD Monitor 27-inch,Electronics,1,329.0,329.0,Bank Transfer,Delivered
ORD-12179,CUST-1249,2024-02-25,PROD-111,Running Shoes Pro,Apparel,2,110.0,220.0,Credit Card,Delivered
ORD-12180,CUST-1507,2023-09-04,PROD-101,Wireless Noise-Canceling Headphones,Electronics,2,199.99,399.98,PayPal,Delivered
ORD-12181,CUST-1395,2023-09-27,PROD-104,Stainless Steel Water Bottle,Home & Kitchen,4,24.99,99.96,Debit Card,Shipped
ORD-12182,CUST-1605,2023-11-20,PROD-109,Portable Bluetooth Speaker,Electronics,5,59.99,299.95,Debit Card,Shipped
ORD-12183,CUST-1672,2023-09-28,PROD-103,Mechanical Gaming Keyboard,Electronics,5,89.99,449.95,PayPal,Shipped
ORD-12184,CUST-1373,2024-02-06,PROD-107,Organic Cotton Bed Sheets Set,Home & Kitchen,4,75.0,300.0,Bank Transfer,Shipped
ORD-12185,CUST-1410,2023-11-11,PROD-104,Stainless Steel Water Bottle,Home & Kitchen,1,24.99,24.99,Apple Pay,Delivered
ORD-12186,CUST-1315,2023-10-08,PROD-110,Espresso Coffee Machine,Home & Kitchen,1,299.99,299.99,Apple Pay,Cancelled
ORD-12187,CUST-1763,2023-09-05,PROD-102,Ergonomic Office Chair,Furniture,2,249.5,499.0,Apple Pay,Processing
ORD-12188,CUST-1030,2023-12-25,PROD-108,Fitness Smartwatch v2,Wearables,5,149.95,749.75,Debit Card,Delivered
ORD-12189,CUST-1950,2023-11-30,PROD-109,Portable Bluetooth Speaker,Electronics,1,59.99,59.99,Apple Pay,Delivered
ORD-12190,CUST-1407,2024-01-09,PROD-109,Portable Bluetooth Speaker,Electronics,4,59.99,239.96,Debit Card,Delivered
ORD-12191,CUST-1280,2023-09-13,PROD-106,Standing Desk Converter,Furniture,1,179.99,179.99,Apple Pay,Shipped
ORD-12192,CUST-1433,2023-10-19,PROD-104,Stainless Steel Water Bottle,Home & Kitchen,3,24.99,74.97,Apple Pay,Cancelled
ORD-12193,CUST-1283,2024-01-05,PROD-109,Portable Bluetooth Speaker,Electronics,5,59.99,299.95,Bank Transfer,Delivered
ORD-12194,CUST-1698,2023-09-29,PROD-101,Wireless Noise-Canceling Headphones,Electronics,2,199.99,399.98,PayPal,Delivered
ORD-12195,CUST-1917,2023-11-08,PROD-101,Wireless Noise-Canceling Headphones,Electronics,5,199.99,999.95,PayPal,Shipped
ORD-12196,CUST-1104,2024-02-06,PROD-105,4K Ultra HD Monitor 27-inch,Electronics,2,329.0,658.0,Apple Pay,Delivered
ORD-12197,CUST-1104,2024-01-05,PROD-104,Stainless Steel Water Bottle,Home & Kitchen,3,24.99,74.97,PayPal,Delivered
ORD-12198,CUST-1209,2024-02-28,PROD-106,Standing Desk Converter,Furniture,3,179.99,539.97,Bank Transfer,Processing
ORD-12199,CUST-1004,2024-01-07,PROD-102,Ergonomic Office Chair,Furniture,2,249.5,499.0,Bank Transfer,Delivered
ORD-12200,CUST-1313,2023-10-14,PROD-112,Leather Laptop Backpack,Accessories,2,85.5,171.0,Debit Card,Delivered
ORD-12201,CUST-1171,2023-12-26,PROD-103,Mechanical Gaming Keyboard,Electronics,3,89.99,269.97,PayPal,Returned
ORD-12202,CUST-9043,2023-11-25,PROD-108,Fitness Smartwatch v2,Wearables,4,149.95,599.8,Credit Card,Shipped
ORD-12203,CUST-1271,2024-02-21,PROD-102,Ergonomic Office Chair,Furniture,2,249.5,499.0,Credit Card,Delivered
ORD-12204,CUST-1993,2023-09-01,PROD-108,Fitness Smartwatch v2,Wearables,5,149.95,749.75,Apple Pay,Shipped
ORD-12205,CUST-1484,2024-03-28,PROD-102,Ergonomic Office Chair,Furniture,1,249.5,249.5,Credit Card,Delivered
ORD-12206,CUST-1298,2024-01-07,PROD-104,Stainless Steel Water Bottle,Home & Kitchen,5,24.99,124.95,PayPal,Cancelled
ORD-12207,CUST-1794,2023-11-17,PROD-102,Ergonomic Office Chair,Furniture,1,249.5,249.5,Debit Card,Shipped
ORD-12208,CUST-1753,2023-11-05,PROD-106,Standing Desk Converter,Furniture,5,179.99,899.95,Apple Pay,Processing
ORD-12209,CUST-1470,2023-11-17,PROD-101,Wireless Noise-Canceling Headphones,Electronics,3,199.99,599.97,Debit Card,Shipped
ORD-12210,CUST-1794,2024-01-02,PROD-111,Running Shoes Pro,Apparel,5,110.0,550.0,Credit Card,Cancelled
ORD-12211,CUST-1532,2023-10-08,PROD-112,Leather Laptop Backpack,Accessories,1,85.5,85.5,Apple Pay,Delivered
ORD-12212,CUST-1676,2024-01-06,PROD-103,Mechanical Gaming Keyboard,Electronics,3,89.99,269.97,Credit Card,Processing
ORD-12213,CUST-1759,2023-12-02,PROD-112,Leather Laptop Backpack,Accessories,4,85.5,342.0,PayPal,Shipped
ORD-12214,CUST-1199,2023-11-10,PROD-107,Organic Cotton Bed Sheets Set,Home & Kitchen,1,75.0,75.0,Bank Transfer,Returned
ORD-12215,CUST-1461,2023-11-07,PROD-109,Portable Bluetooth Speaker,Electronics,2,59.99,119.98,Debit Card,Delivered
ORD-12216,CUST-1401,2023-11-10,PROD-110,Espresso Coffee Machine,Home & Kitchen,4,299.99,1199.96,Debit Card,Shipped
ORD-12217,CUST-1594,2024-02-04,PROD-109,Portable Bluetooth Speaker,Electronics,3,59.99,179.97,Credit Card,Processing
ORD-12218,CUST-1466,2023-11-13,PROD-110,Espresso Coffee Machine,Home & Kitchen,3,299.99,899.97,Credit Card,Shipped
ORD-12219,CUST-9032,2023-12-29,PROD-111,Running Shoes Pro,Apparel,2,110.0,220.0,PayPal,Processing
ORD-12220,CUST-1297,2024-02-18,PROD-110,Espresso Coffee Machine,Home & Kitchen,5,299.99,1499.95,PayPal,Shipped
ORD-12221,CUST-1296,2023-09-04,PROD-102,Ergonomic Office Chair,Furniture,3,249.5,748.5,Apple Pay,Delivered
ORD-12222,CUST-1290,2023-09-14,PROD-110,Espresso Coffee Machine,Home & Kitchen,1,299.99,299.99,Apple Pay,Delivered
ORD-12223,CUST-1441,2023-09-13,PROD-106,Standing Desk Converter,Furniture,1,179.99,179.99,Debit Card,Shipped
ORD-12224,CUST-1900,2024-02-18,PROD-105,4K Ultra HD Monitor 27-inch,Electronics,5,329.0,1645.0,Bank Transfer,Shipped
ORD-12225,CUST-1089,2023-10-07,PROD-112,Leather Laptop Backpack,Accessories,3,85.5,256.5,PayPal,Shipped
ORD-12226,CUST-1941,2023-10-27,PROD-102,Ergonomic Office Chair,Furniture,3,249.5,748.5,Credit Card,Delivered
ORD-12227,CUST-1364,2023-12-18,PROD-104,Stainless Steel Water Bottle,Home & Kitchen,4,24.99,99.96,Apple Pay,Shipped
ORD-12228,CUST-9007,2024-01-31,PROD-105,4K Ultra HD Monitor 27-inch,Electronics,3,329.0,987.0,Debit Card,Delivered
ORD-12229,CUST-1447,2024-03-24,PROD-111,Running Shoes Pro,Apparel,3,110.0,330.0,Bank Transfer,Shipped
ORD-12230,CUST-1787,2023-10-05,PROD-104,Stainless Steel Water Bottle,Home & Kitchen,3,24.99,74.97,Apple Pay,Shipped
ORD-12231,CUST-1309,2023-11-16,PROD-105,4K Ultra HD Monitor 27-inch,Electronics,1,329.0,329.0,Bank Transfer,Delivered
ORD-12232,CUST-9030,2023-12-06,PROD-109,Portable Bluetooth Speaker,Electronics,2,59.99,119.98,Apple Pay,Shipped
ORD-12233,CUST-1540,2024-01-07,PROD-108,Fitness Smartwatch v2,Wearables,3,149.95,449.85,Debit Card,Cancelled
ORD-12234,CUST-1438,2023-12-15,PROD-108,Fitness Smartwatch v2,Wearables,4,149.95,599.8,Apple Pay,Processing
ORD-12235,CUST-1573,2023-09-23,PROD-101,Wireless Noise-Canceling Headphones,Electronics,4,199.99,799.96,PayPal,Delivered
ORD-12236,CUST-1310,2024-01-10,PROD-104,Stainless Steel Water Bottle,Home & Kitchen,5,24.99,124.95,Debit Card,Delivered
ORD-12237,CUST-1557,2023-09-14,PROD-110,Espresso Coffee Machine,Home & Kitchen,3,299.99,899.97,Apple Pay,Processing
ORD-12238,CUST-1687,2024-03-25,PROD-101,Wireless Noise-Canceling Headphones,Electronics,4,199.99,799.96,Bank Transfer,Shipped
ORD-12239,CUST-1056,2023-11-09,PROD-102,Ergonomic Office Chair,Furniture,1,249.5,249.5,Credit Card,Shipped
ORD-12240,CUST-1100,2024-01-02,PROD-105,4K Ultra HD Monitor 27-inch,Electronics,5,329.0,1645.0,Debit Card,Shipped
ORD-12241,CUST-1125,2024-02-20,PROD-112,Leather Laptop Backpack,Accessories,5,85.5,427.5,Bank Transfer,Delivered
ORD-12242,CUST-1055,2024-01-11,PROD-112,Leather Laptop Backpack,Accessories,2,85.5,171.0,PayPal,Shipped
ORD-12243,CUST-1991,2023-10-28,PROD-108,Fitness Smartwatch v2,Wearables,2,149.95,299.9,PayPal,Delivered
ORD-12244,CUST-1319,2024-03-25,PROD-112,Leather Laptop Backpack,Accessories,1,85.5,85.5,Apple Pay,Returned
ORD-12245,CUST-1206,2023-09-01,PROD-102,Ergonomic Office Chair,Furniture,1,249.5,249.5,PayPal,Processing
ORD-12246,CUST-1124,2023-11-03,PROD-109,Portable Bluetooth Speaker,Electronics,1,59.99,59.99,PayPal,Delivered
ORD-12247,CUST-1026,2023-12-10,PROD-109,Portable Bluetooth Speaker,Electronics,4,59.99,239.96,Credit Card,Shipped
ORD-12248,CUST-9020,2023-10-18,PROD-107,Organic Cotton Bed Sheets Set,Home & Kitchen,4,75.0,300.0,PayPal,Processing
ORD-12249,CUST-1560,2024-02-22,PROD-105,4K Ultra HD Monitor 27-inch,Electronics,5,329.0,1645.0,Apple Pay,Delivered
ORD-12250,CUST-1632,2023-10-08,PROD-102,Ergonomic Office Chair,Furniture,4,249.5,998.0,Credit Card,Shipped
ORD-12251,CUST-1839,2023-10-14,PROD-112,Leather Laptop Backpack,Accessories,2,85.5,171.0,Bank Transfer,Shipped
ORD-12252,CUST-1560,2024-01-01,PROD-104,Stainless Steel Water Bottle,Home & Kitchen,4,24.99,99.96,Debit Card,Cancelled
ORD-12253,CUST-1103,2023-12-04,PROD-110,Espresso Coffee Machine,Home & Kitchen,4,299.99,1199.96,Debit Card,Delivered
ORD-12254,CUST-1715,2023-12-16,PROD-102,Ergonomic Office Chair,Furniture,4,249.5,998.0,Apple Pay,Processing
ORD-12255,CUST-1291,2024-01-23,PROD-108,Fitness Smartwatch v2,Wearables,1,149.95,149.95,Apple Pay,Processing
ORD-12256,CUST-1311,2023-12-23,PROD-101,Wireless Noise-Canceling Headphones,Electronics,5,199.99,999.95,Credit Card,Delivered
ORD-12257,CUST-9023,2024-03-04,PROD-103,Mechanical Gaming Keyboard,Electronics,4,89.99,359.96,Apple Pay,Delivered
ORD-12258,CUST-1163,2024-01-07,PROD-106,Standing Desk Converter,Furniture,5,179.99,899.95,PayPal,Delivered
ORD-12259,CUST-1724,2024-01-10,PROD-109,Portable Bluetooth Speaker,Electronics,4,59.99,239.96,Credit Card,Shipped
ORD-12260,CUST-1156,2023-11-26,PROD-106,Standing Desk Converter,Furniture,5,179.99,899.95,Apple Pay,Delivered
ORD-12261,CUST-1806,2024-03-19,PROD-103,Mechanical Gaming Keyboard,Electronics,3,89.99,269.97,Debit Card,Delivered
ORD-12262,CUST-9005,2023-12-06,PROD-111,Running Shoes Pro,Apparel,4,110.0,440.0,Apple Pay,Delivered
ORD-12263,CUST-1185,2024-03-17,PROD-110,Espresso Coffee Machine,Home & Kitchen,5,299.99,1499.95,Bank Transfer,Processing
ORD-12264,CUST-1715,2024-01-27,PROD-106,Standing Desk Converter,Furniture,5,179.99,899.95,Debit Card,Delivered
ORD-12265,CUST-1850,2023-09-12,PROD-107,Organic Cotton Bed Sheets Set,Home & Kitchen,1,75.0,75.0,Credit Card,Delivered
ORD-12266,CUST-1163,2024-02-18,PROD-104,Stainless Steel Water Bottle,Home & Kitchen,1,24.99,24.99,Credit Card,Delivered
ORD-12267,CUST-1696,2024-03-13,PROD-108,Fitness Smartwatch v2,Wearables,3,149.95,449.85,PayPal,Delivered
ORD-12268,CUST-9047,2023-10-15,PROD-104,Stainless Steel Water Bottle,Home & Kitchen,1,24.99,24.99,Apple Pay,Delivered
ORD-12269,CUST-1431,2024-02-04,PROD-102,Ergonomic Office Chair,Furniture,1,249.5,249.5,Debit Card,Shipped
ORD-12270,CUST-1868,2023-12-23,PROD-112,Leather Laptop Backpack,Accessories,1,85.5,85.5,Debit Card,Delivered
ORD-12271,CUST-1861,2023-11-22,PROD-101,Wireless Noise-Canceling Headphones,Electronics,2,199.99,399.98,Credit Card,Shipped
ORD-12272,CUST-1387,2024-01-21,PROD-103,Mechanical Gaming Keyboard,Electronics,5,89.99,449.95,PayPal,Delivered
ORD-12273,CUST-1503,2023-10-28,PROD-108,Fitness Smartwatch v2,Wearables,3,149.95,449.85,PayPal,Delivered
ORD-12274,CUST-1445,2023-09-23,PROD-109,Portable Bluetooth Speaker,Electronics,2,59.99,119.98,Bank Transfer,Delivered
ORD-12275,CUST-1983,2023-10-23,PROD-111,Running Shoes Pro,Apparel,1,110.0,110.0,Credit Card,Cancelled
ORD-12276,CUST-1915,2024-03-17,PROD-101,Wireless Noise-Canceling Headphones,Electronics,3,199.99,599.97,Apple Pay,Delivered
ORD-12277,CUST-1886,2023-10-18,PROD-102,Ergonomic Office Chair,Furniture,3,249.5,748.5,Bank Transfer,Delivered
ORD-12278,CUST-1853,2024-03-30,PROD-104,Stainless Steel Water Bottle,Home & Kitchen,5,24.99,124.95,Apple Pay,Delivered
ORD-12279,CUST-1366,2023-10-06,PROD-110,Espresso Coffee Machine,Home & Kitchen,5,299.99,1499.95,Credit Card,Delivered
ORD-12280,CUST-1641,2024-01-24,PROD-107,Organic Cotton Bed Sheets Set,Home & Kitchen,1,75.0,75.0,Credit Card,Shipped
ORD-12281,CUST-1530,2023-10-01,PROD-105,4K Ultra HD Monitor 27-inch,Electronics,1,329.0,329.0,Apple Pay,Shipped
ORD-12282,CUST-1616,2023-09-06,PROD-109,Portable Bluetooth Speaker,Electronics,3,59.99,179.97,PayPal,Delivered
ORD-12283,CUST-1297,2024-02-28,PROD-105,4K Ultra HD Monitor 27-inch,Electronics,4,329.0,1316.0,Debit Card,Delivered
ORD-12284,CUST-1893,2023-09-20,PROD-103,Mechanical Gaming Keyboard,Electronics,3,89.99,269.97,Bank Transfer,Shipped
ORD-12285,CUST-1874,2024-01-07,PROD-109,Portable Bluetooth Speaker,Electronics,5,59.99,299.95,Debit Card,Shipped
ORD-12286,CUST-1059,2024-01-28,PROD-109,Portable Bluetooth Speaker,Electronics,1,59.99,59.99,Apple Pay,Shipped
ORD-12287,CUST-9017,2023-09-09,PROD-111,Running Shoes Pro,Apparel,1,110.0,110.0,Debit Card,Returned
ORD-12288,CUST-1206,2023-10-06,PROD-106,Standing Desk Converter,Furniture,1,179.99,179.99,PayPal,Shipped
ORD-12289,CUST-1752,2023-10-31,PROD-106,Standing Desk Converter,Furniture,1,179.99,179.99,Apple Pay,Delivered
ORD-12290,CUST-1971,2024-02-27,PROD-110,Espresso Coffee Machine,Home & Kitchen,5,299.99,1499.95,Credit Card,Shipped
ORD-12291,CUST-1073,2024-03-08,PROD-107,Organic Cotton Bed Sheets Set,Home & Kitchen,5,75.0,375.0,Bank Transfer,Delivered
ORD-12292,CUST-9036,2023-11-09,PROD-108,Fitness Smartwatch v2,Wearables,2,149.95,299.9,Credit Card,Shipped
ORD-12293,CUST-1509,2024-02-14,PROD-109,Portable Bluetooth Speaker,Electronics,2,59.99,119.98,Debit Card,Shipped
ORD-12294,CUST-1311,2023-09-15,PROD-104,Stainless Steel Water Bottle,Home & Kitchen,1,24.99,24.99,Credit Card,Delivered
ORD-12295,CUST-1831,2024-02-03,PROD-104,Stainless Steel Water Bottle,Home & Kitchen,5,24.99,124.95,Apple Pay,Shipped
ORD-12296,CUST-1756,2024-01-02,PROD-101,Wireless Noise-Canceling Headphones,Electronics,5,199.99,999.95,Credit Card,Shipped
ORD-12297,CUST-1387,2023-12-20,PROD-112,Leather Laptop Backpack,Accessories,2,85.5,171.0,Apple Pay,Shipped
ORD-12298,CUST-1119,2024-02-05,PROD-108,Fitness Smartwatch v2,Wearables,1,149.95,149.95,Debit Card,Shipped
ORD-12299,CUST-1352,2023-10-31,PROD-107,Organic Cotton Bed Sheets Set,Home & Kitchen,1,75.0,75.0,PayPal,Shipped
ORD-12300,CUST-1011,2024-03-10,PROD-104,Stainless Steel Water Bottle,Home & Kitchen,4,24.99,99.96,Bank Transfer,Shipped
ORD-12301,CUST-1822,2024-03-27,PROD-101,Wireless Noise-Canceling Headphones,Electronics,2,199.99,399.98,Credit Card,Processing
ORD-12302,CUST-1130,2023-11-12,PROD-108,Fitness Smartwatch v2,Wearables,2,149.95,299.9,Credit Card,Delivered
ORD-12303,CUST-1617,2023-11-14,PROD-111,Running Shoes Pro,Apparel,2,110.0,220.0,PayPal,Delivered
ORD-12304,CUST-1491,2024-02-16,PROD-111,Running Shoes Pro,Apparel,1,110.0,110.0,Credit Card,Shipped
ORD-12305,CUST-1961,2024-01-05,PROD-109,Portable Bluetooth Speaker,Electronics,2,59.99,119.98,Debit Card,Cancelled
ORD-12306,CUST-1880,2024-03-01,PROD-104,Stainless Steel Water Bottle,Home & Kitchen,4,24.99,99.96,Debit Card,Delivered
ORD-12307,CUST-9036,2024-01-13,PROD-105,4K Ultra HD Monitor 27-inch,Electronics,2,329.0,658.0,Debit Card,Shipped
ORD-12308,CUST-1555,2023-09-14,PROD-109,Portable Bluetooth Speaker,Electronics,1,59.99,59.99,Debit Card,Delivered
ORD-12309,CUST-9046,2023-11-11,PROD-110,Espresso Coffee Machine,Home & Kitchen,4,299.99,1199.96,Credit Card,Shipped
ORD-12310,CUST-1141,2023-11-18,PROD-109,Portable Bluetooth Speaker,Electronics,2,59.99,119.98,Bank Transfer,Shipped
ORD-12311,CUST-1382,2023-09-10,PROD-112,Leather Laptop Backpack,Accessories,2,85.5,171.0,PayPal,Delivered
ORD-12312,CUST-1666,2023-09-06,PROD-108,Fitness Smartwatch v2,Wearables,1,149.95,149.95,Apple Pay,Processing
ORD-12313,CUST-1277,2023-12-08,PROD-105,4K Ultra HD Monitor 27-inch,Electronics,5,329.0,1645.0,Debit Card,Delivered
ORD-12314,CUST-1087,2024-02-04,PROD-101,Wireless Noise-Canceling Headphones,Electronics,3,199.99,599.97,Apple Pay,Delivered
ORD-12315,CUST-1884,2023-12-23,PROD-107,Organic Cotton Bed Sheets Set,Home & Kitchen,4,75.0,300.0,Credit Card,Returned
ORD-12316,CUST-1389,2024-01-15,PROD-103,Mechanical Gaming Keyboard,Electronics,4,89.99,359.96,Credit Card,Shipped
ORD-12317,CUST-1033,2023-09-07,PROD-109,Portable Bluetooth Speaker,Electronics,3,59.99,179.97,Bank Transfer,Shipped
ORD-12318,CUST-1345,2023-10-26,PROD-105,4K Ultra HD Monitor 27-inch,Electronics,5,329.0,1645.0,Credit Card,Delivered
ORD-12319,CUST-1850,2023-12-19,PROD-110,Espresso Coffee Machine,Home & Kitchen,4,299.99,1199.96,Credit Card,Delivered
ORD-12320,CUST-1567,2024-01-15,PROD-107,Organic Cotton Bed Sheets Set,Home & Kitchen,3,75.0,225.0,Apple Pay,Delivered
ORD-12321,CUST-1737,2023-11-06,PROD-110,Espresso Coffee Machine,Home & Kitchen,5,299.99,1499.95,PayPal,Cancelled
ORD-12322,CUST-9030,2023-10-04,PROD-112,Leather Laptop Backpack,Accessories,2,85.5,171.0,Credit Card,Delivered
ORD-12323,CUST-1699,2023-11-03,PROD-105,4K Ultra HD Monitor 27-inch,Electronics,1,329.0,329.0,Bank Transfer,Delivered
ORD-12324,CUST-1585,2024-02-05,PROD-107,Organic Cotton Bed Sheets Set,Home & Kitchen,1,75.0,75.0,Debit Card,Shipped
ORD-12325,CUST-1676,2023-09-04,PROD-105,4K Ultra HD Monitor 27-inch,Electronics,5,329.0,1645.0,Credit Card,Processing
ORD-12326,CUST-1677,2023-10-16,PROD-106,Standing Desk Converter,Furniture,3,179.99,539.97,Apple Pay,Cancelled
ORD-12327,CUST-1451,2023-09-10,PROD-101,Wireless Noise-Canceling Headphones,Electronics,4,199.99,799.96,Debit Card,Processing
ORD-12328,CUST-1865,2023-12-14,PROD-109,Portable Bluetooth Speaker,Electronics,2,59.99,119.98,Credit Card,Shipped
ORD-12329,CUST-1082,2024-01-20,PROD-105,4K Ultra HD Monitor 27-inch,Electronics,5,329.0,1645.0,Debit Card,Delivered
ORD-12330,CUST-9029,2024-03-15,PROD-103,Mechanical Gaming Keyboard,Electronics,3,89.99,269.97,Debit Card,Shipped
ORD-12331,CUST-1507,2024-02-09,PROD-103,Mechanical Gaming Keyboard,Electronics,2,89.99,179.98,PayPal,Shipped
ORD-12332,CUST-1633,2023-10-30,PROD-111,Running Shoes Pro,Apparel,1,110.0,110.0,Credit Card,Shipped
ORD-12333,CUST-1189,2023-12-22,PROD-111,Running Shoes Pro,Apparel,5,110.0,550.0,Bank Transfer,Delivered
ORD-12334,CUST-1567,2023-09-16,PROD-112,Leather Laptop Backpack,Accessories,2,85.5,171.0,Debit Card,Delivered
ORD-12335,CUST-9002,2024-01-17,PROD-111,Running Shoes Pro,Apparel,3,110.0,330.0,Credit Card,Shipped
ORD-12336,CUST-1359,2024-01-08,PROD-102,Ergonomic Office Chair,Furniture,1,249.5,249.5,Apple Pay,Delivered
ORD-12337,CUST-1080,2023-11-23,PROD-104,Stainless Steel Water Bottle,Home & Kitchen,2,24.99,49.98,Bank Transfer,Delivered
ORD-12338,CUST-1843,2023-09-19,PROD-111,Running Shoes Pro,Apparel,4,110.0,440.0,Apple Pay,Delivered
ORD-12339,CUST-1147,2024-02-03,PROD-101,Wireless Noise-Canceling Headphones,Electronics,3,199.99,599.97,Debit Card,Shipped
ORD-12340,CUST-1418,2023-12-30,PROD-111,Running Shoes Pro,Apparel,3,110.0,330.0,Debit Card,Delivered
ORD-12341,CUST-1165,2023-11-14,PROD-106,Standing Desk Converter,Furniture,1,179.99,179.99,PayPal,Delivered
ORD-12342,CUST-9002,2023-10-25,PROD-102,Ergonomic Office Chair,Furniture,5,249.5,1247.5,Debit Card,Shipped
ORD-12343,CUST-1800,2024-03-19,PROD-112,Leather Laptop Backpack,Accessories,5,85.5,427.5,Bank Transfer,Shipped
ORD-12344,CUST-1963,2024-03-31,PROD-104,Stainless Steel Water Bottle,Home & Kitchen,4,24.99,99.96,Bank Transfer,Delivered
ORD-12345,CUST-1744,2024-03-14,PROD-103,Mechanical Gaming Keyboard,Electronics,4,89.99,359.96,Credit Card,Cancelled
ORD-12346,CUST-9015,2024-01-26,PROD-110,Espresso Coffee Machine,Home & Kitchen,5,299.99,1499.95,Bank Transfer,Delivered
ORD-12347,CUST-1552,2024-01-14,PROD-112,Leather Laptop Backpack,Accessories,1,85.5,85.5,Credit Card,Delivered
ORD-12348,CUST-1676,2023-12-22,PROD-109,Portable Bluetooth Speaker,Electronics,5,59.99,299.95,Debit Card,Delivered
ORD-12349,CUST-1857,2023-11-02,PROD-110,Espresso Coffee Machine,Home & Kitchen,3,299.99,899.97,Debit Card,Delivered
ORD-12350,CUST-1787,2023-12-26,PROD-106,Standing Desk Converter,Furniture,2,179.99,359.98,Debit Card,Shipped
ORD-12351,CUST-1119,2023-12-23,PROD-112,Leather Laptop Backpack,Accessories,2,85.5,171.0,Apple Pay,Delivered
ORD-12352,CUST-1361,2023-09-20,PROD-109,Portable Bluetooth Speaker,Electronics,5,59.99,299.95,Debit Card,Cancelled
ORD-12353,CUST-1620,2024-03-20,PROD-104,Stainless Steel Water Bottle,Home & Kitchen,4,24.99,99.96,Apple Pay,Delivered
ORD-12354,CUST-1848,2023-11-02,PROD-103,Mechanical Gaming Keyboard,Electronics,5,89.99,449.95,Apple Pay,Processing
ORD-12355,CUST-1682,2023-11-06,PROD-103,Mechanical Gaming Keyboard,Electronics,5,89.99,449.95,Debit Card,Delivered
ORD-12356,CUST-1121,2023-12-17,PROD-102,Ergonomic Office Chair,Furniture,4,249.5,998.0,Bank Transfer,Shipped
ORD-12357,CUST-9037,2023-10-17,PROD-108,Fitness Smartwatch v2,Wearables,2,149.95,299.9,Apple Pay,Cancelled
ORD-12358,CUST-1124,2024-03-14,PROD-107,Organic Cotton Bed Sheets Set,Home & Kitchen,3,75.0,225.0,Bank Transfer,Shipped
ORD-12359,CUST-1482,2023-10-03,PROD-112,Leather Laptop Backpack,Accessories,1,85.5,85.5,Credit Card,Delivered
ORD-12360,CUST-1025,2023-09-19,PROD-112,Leather Laptop Backpack,Accessories,2,85.5,171.0,PayPal,Shipped
ORD-12361,CUST-1543,2023-11-30,PROD-107,Organic Cotton Bed Sheets Set,Home & Kitchen,4,75.0,300.0,PayPal,Shipped
ORD-12362,CUST-1571,2023-10-01,PROD-104,Stainless Steel Water Bottle,Home & Kitchen,3,24.99,74.97,Debit Card,Delivered
ORD-12363,CUST-1920,2024-02-03,PROD-106,Standing Desk Converter,Furniture,5,179.99,899.95,Bank Transfer,Shipped
ORD-12364,CUST-1740,2024-03-08,PROD-101,Wireless Noise-Canceling Headphones,Electronics,1,199.99,199.99,Debit Card,Delivered
ORD-12365,CUST-9027,2024-03-08,PROD-111,Running Shoes Pro,Apparel,4,110.0,440.0,Apple Pay,Delivered
ORD-12366,CUST-1489,2024-03-06,PROD-112,Leather Laptop Backpack,Accessories,2,85.5,171.0,PayPal,Shipped
ORD-12367,CUST-1604,2023-10-09,PROD-109,Portable Bluetooth Speaker,Electronics,1,59.99,59.99,Credit Card,Shipped
ORD-12368,CUST-1379,2023-12-07,PROD-111,Running Shoes Pro,Apparel,4,110.0,440.0,Debit Card,Delivered
ORD-12369,CUST-1521,2023-11-11,PROD-112,Leather Laptop Backpack,Accessories,5,85.5,427.5,Credit Card,Shipped
ORD-12370,CUST-1506,2024-01-23,PROD-106,Standing Desk Converter,Furniture,1,179.99,179.99,Bank Transfer,Delivered
ORD-12371,CUST-1594,2023-11-13,PROD-109,Portable Bluetooth Speaker,Electronics,4,59.99,239.96,Debit Card,Delivered
ORD-12372,CUST-1776,2023-09-11,PROD-103,Mechanical Gaming Keyboard,Electronics,2,89.99,179.98,PayPal,Processing
ORD-12373,CUST-1285,2023-11-20,PROD-110,Espresso Coffee Machine,Home & Kitchen,5,299.99,1499.95,Credit Card,Delivered
ORD-12374,CUST-1170,2023-11-10,PROD-102,Ergonomic Office Chair,Furniture,3,249.5,748.5,Apple Pay,Delivered
ORD-12375,CUST-1907,2023-11-06,PROD-103,Mechanical Gaming Keyboard,Electronics,3,89.99,269.97,Bank Transfer,Delivered
ORD-12376,CUST-1947,2023-10-07,PROD-104,Stainless Steel Water Bottle,Home & Kitchen,3,24.99,74.97,Credit Card,Shipped
ORD-12377,CUST-1859,2023-09-08,PROD-109,Portable Bluetooth Speaker,Electronics,2,59.99,119.98,Bank Transfer,Shipped
ORD-12378,CUST-9035,2023-09-02,PROD-109,Portable Bluetooth Speaker,Electronics,2,59.99,119.98,Apple Pay,Delivered
ORD-12379,CUST-1027,2023-11-12,PROD-106,Standing Desk Converter,Furniture,2,179.99,359.98,Bank Transfer,Delivered
ORD-12380,CUST-1456,2024-03-31,PROD-109,Portable Bluetooth Speaker,Electronics,2,59.99,119.98,Apple Pay,Delivered
ORD-12381,CUST-1113,2023-12-23,PROD-112,Leather Laptop Backpack,Accessories,1,85.5,85.5,Apple Pay,Processing
ORD-12382,CUST-1089,2024-03-06,PROD-103,Mechanical Gaming Keyboard,Electronics,3,89.99,269.97,Credit Card,Processing
ORD-12383,CUST-9006,2024-03-05,PROD-112,Leather Laptop Backpack,Accessories,2,85.5,171.0,Credit Card,Cancelled
ORD-12384,CUST-1520,2023-12-26,PROD-106,Standing Desk Converter,Furniture,3,179.99,539.97,Bank Transfer,Delivered
ORD-12385,CUST-1076,2023-09-10,PROD-112,Leather Laptop Backpack,Accessories,3,85.5,256.5,Apple Pay,Shipped
ORD-12386,CUST-1723,2023-10-19,PROD-109,Portable Bluetooth Speaker,Electronics,3,59.99,179.97,Bank Transfer,Delivered
ORD-12387,CUST-1899,2024-02-10,PROD-111,Running Shoes Pro,Apparel,1,110.0,110.0,Credit Card,Delivered
ORD-12388,CUST-1601,2024-02-20,PROD-107,Organic Cotton Bed Sheets Set,Home & Kitchen,2,75.0,150.0,PayPal,Delivered
ORD-12389,CUST-1156,2024-03-06,PROD-108,Fitness Smartwatch v2,Wearables,2,149.95,299.9,Apple Pay,Delivered
ORD-12390,CUST-1204,2024-01-11,PROD-111,Running Shoes Pro,Apparel,1,110.0,110.0,PayPal,Delivered
ORD-12391,CUST-1069,2024-02-04,PROD-108,Fitness Smartwatch v2,Wearables,5,149.95,749.75,PayPal,Delivered
ORD-12392,CUST-1040,2024-02-05,PROD-107,Organic Cotton Bed Sheets Set,Home & Kitchen,3,75.0,225.0,Apple Pay,Shipped
ORD-12393,CUST-1241,2024-01-02,PROD-111,Running Shoes Pro,Apparel,3,110.0,330.0,Bank Transfer,Delivered
ORD-12394,CUST-1185,2023-11-14,PROD-105,4K Ultra HD Monitor 27-inch,Electronics,2,329.0,658.0,Apple Pay,Shipped
ORD-12395,CUST-1646,2023-12-01,PROD-107,Organic Cotton Bed Sheets Set,Home & Kitchen,5,75.0,375.0,Bank Transfer,Processing
ORD-12396,CUST-1099,2024-03-12,PROD-104,Stainless Steel Water Bottle,Home & Kitchen,1,24.99,24.99,Debit Card,Shipped
ORD-12397,CUST-1458,2024-02-17,PROD-106,Standing Desk Converter,Furniture,2,179.99,359.98,Apple Pay,Shipped
ORD-12398,CUST-1476,2023-11-28,PROD-106,Standing Desk Converter,Furniture,1,179.99,179.99,Apple Pay,Shipped
ORD-12399,CUST-1793,2024-02-01,PROD-108,Fitness Smartwatch v2,Wearables,4,149.95,599.8,Apple Pay,Delivered
ORD-12400,CUST-1030,2024-01-08,PROD-105,4K Ultra HD Monitor 27-inch,Electronics,3,329.0,987.0,PayPal,Delivered
ORD-12401,CUST-1802,2024-01-22,PROD-107,Organic Cotton Bed Sheets Set,Home & Kitchen,1,75.0,75.0,Debit Card,Shipped
ORD-12402,CUST-1326,2024-03-26,PROD-107,Organic Cotton Bed Sheets Set,Home & Kitchen,4,75.0,300.0,Apple Pay,Shipped
ORD-12403,CUST-1267,2024-01-03,PROD-101,Wireless Noise-Canceling Headphones,Electronics,3,199.99,599.97,PayPal,Delivered
ORD-12404,CUST-1839,2023-12-24,PROD-101,Wireless Noise-Canceling Headphones,Electronics,3,199.99,599.97,Apple Pay,Shipped
ORD-12405,CUST-1897,2023-10-23,PROD-103,Mechanical Gaming Keyboard,Electronics,5,89.99,449.95,Credit Card,Delivered
ORD-12406,CUST-9040,2023-10-04,PROD-110,Espresso Coffee Machine,Home & Kitchen,3,299.99,899.97,Bank Transfer,Delivered
ORD-12407,CUST-1974,2024-03-24,PROD-112,Leather Laptop Backpack,Accessories,1,85.5,85.5,Apple Pay,Delivered
ORD-12408,CUST-1722,2024-03-15,PROD-106,Standing Desk Converter,Furniture,3,179.99,539.97,Bank Transfer,Shipped
ORD-12409,CUST-1051,2023-12-02,PROD-109,Portable Bluetooth Speaker,Electronics,2,59.99,119.98,Bank Transfer,Returned
ORD-12410,CUST-1161,2024-03-02,PROD-109,Portable Bluetooth Speaker,Electronics,4,59.99,239.96,PayPal,Delivered
ORD-12411,CUST-1166,2023-12-15,PROD-106,Standing Desk Converter,Furniture,3,179.99,539.97,PayPal,Delivered
ORD-12412,CUST-1255,2023-09-06,PROD-101,Wireless Noise-Canceling Headphones,Electronics,1,199.99,199.99,Bank Transfer,Shipped
ORD-12413,CUST-1408,2023-10-11,PROD-108,Fitness Smartwatch v2,Wearables,1,149.95,149.95,Debit Card,Delivered
ORD-12414,CUST-1236,2023-09-09,PROD-111,Running Shoes Pro,Apparel,2,110.0,220.0,Debit Card,Shipped
ORD-12415,CUST-1833,2023-10-04,PROD-107,Organic Cotton Bed Sheets Set,Home & Kitchen,4,75.0,300.0,Debit Card,Delivered
ORD-12416,CUST-1079,2024-03-03,PROD-102,Ergonomic Office Chair,Furniture,5,249.5,1247.5,Apple Pay,Returned
ORD-12417,CUST-1761,2023-10-09,PROD-109,Portable Bluetooth Speaker,Electronics,5,59.99,299.95,Credit Card,Delivered
ORD-12418,CUST-1812,2024-03-31,PROD-107,Organic Cotton Bed Sheets Set,Home & Kitchen,2,75.0,150.0,Bank Transfer,Shipped
ORD-12419,CUST-1804,2024-01-10,PROD-106,Standing Desk Converter,Furniture,4,179.99,719.96,Credit Card,Shipped
ORD-12420,CUST-1470,2023-11-07,PROD-104,Stainless Steel Water Bottle,Home & Kitchen,1,24.99,24.99,Bank Transfer,Delivered
ORD-12421,CUST-1299,2023-10-27,PROD-107,Organic Cotton Bed Sheets Set,Home & Kitchen,1,75.0,75.0,Apple Pay,Shipped
ORD-12422,CUST-1495,2024-01-08,PROD-105,4K Ultra HD Monitor 27-inch,Electronics,5,329.0,1645.0,PayPal,Shipped
ORD-12423,CUST-1509,2023-12-05,PROD-112,Leather Laptop Backpack,Accessories,4,85.5,342.0,Bank Transfer,Delivered
ORD-12424,CUST-1464,2023-09-07,PROD-104,Stainless Steel Water Bottle,Home & Kitchen,5,24.99,124.95,Apple Pay,Delivered
ORD-12425,CUST-1458,2024-01-23,PROD-106,Standing Desk Converter,Furniture,4,179.99,719.96,Credit Card,Shipped
ORD-12426,CUST-1341,2023-09-25,PROD-103,Mechanical Gaming Keyboard,Electronics,1,89.99,89.99,Bank Transfer,Cancelled
ORD-12427,CUST-1886,2023-11-03,PROD-108,Fitness Smartwatch v2,Wearables,5,149.95,749.75,Credit Card,Shipped
ORD-12428,CUST-1632,2024-03-04,PROD-108,Fitness Smartwatch v2,Wearables,5,149.95,749.75,Bank Transfer,Cancelled
ORD-12429,CUST-1061,2023-12-15,PROD-108,Fitness Smartwatch v2,Wearables,3,149.95,449.85,Debit Card,Shipped
ORD-12430,CUST-1855,2023-11-22,PROD-103,Mechanical Gaming Keyboard,Electronics,1,89.99,89.99,Bank Transfer,Processing
ORD-12431,CUST-1893,2024-02-24,PROD-101,Wireless Noise-Canceling Headphones,Electronics,3,199.99,599.97,PayPal,Delivered
ORD-12432,CUST-1814,2024-01-06,PROD-108,Fitness Smartwatch v2,Wearables,5,149.95,749.75,Debit Card,Processing
ORD-12433,CUST-9016,2024-02-29,PROD-106,Standing Desk Converter,Furniture,4,179.99,719.96,Apple Pay,Returned
ORD-12434,CUST-1880,2023-09-27,PROD-112,Leather Laptop Backpack,Accessories,1,85.5,85.5,Apple Pay,Shipped
ORD-12435,CUST-1385,2023-10-12,PROD-103,Mechanical Gaming Keyboard,Electronics,1,89.99,89.99,Bank Transfer,Returned
ORD-12436,CUST-1171,2023-09-30,PROD-104,Stainless Steel Water Bottle,Home & Kitchen,4,24.99,99.96,Credit Card,Delivered
ORD-12437,CUST-1508,2024-01-03,PROD-103,Mechanical Gaming Keyboard,Electronics,5,89.99,449.95,PayPal,Delivered
ORD-12438,CUST-1561,2023-09-03,PROD-107,Organic Cotton Bed Sheets Set,Home & Kitchen,4,75.0,300.0,Debit Card,Shipped
ORD-12439,CUST-1302,2024-01-12,PROD-112,Leather Laptop Backpack,Accessories,3,85.5,256.5,Debit Card,Delivered
ORD-12440,CUST-1381,2023-10-07,PROD-110,Espresso Coffee Machine,Home & Kitchen,2,299.99,599.98,Debit Card,Shipped
ORD-12441,CUST-1210,2024-01-11,PROD-110,Espresso Coffee Machine,Home & Kitchen,3,299.99,899.97,Bank Transfer,Delivered
ORD-12442,CUST-1474,2024-03-10,PROD-104,Stainless Steel Water Bottle,Home & Kitchen,3,24.99,74.97,PayPal,Delivered
ORD-12443,CUST-1733,2023-11-21,PROD-108,Fitness Smartwatch v2,Wearables,1,149.95,149.95,Apple Pay,Delivered
ORD-12444,CUST-1482,2023-11-19,PROD-102,Ergonomic Office Chair,Furniture,1,249.5,249.5,PayPal,Processing
ORD-12445,CUST-1097,2023-11-24,PROD-109,Portable Bluetooth Speaker,Electronics,4,59.99,239.96,Credit Card,Delivered
ORD-12446,CUST-1480,2023-09-18,PROD-110,Espresso Coffee Machine,Home & Kitchen,2,299.99,599.98,Debit Card,Shipped
ORD-12447,CUST-1905,2024-02-08,PROD-104,Stainless Steel Water Bottle,Home & Kitchen,3,24.99,74.97,Credit Card,Shipped
ORD-12448,CUST-9018,2024-01-28,PROD-105,4K Ultra HD Monitor 27-inch,Electronics,4,329.0,1316.0,Debit Card,Shipped
ORD-12449,CUST-1786,2024-01-22,PROD-107,Organic Cotton Bed Sheets Set,Home & Kitchen,3,75.0,225.0,Bank Transfer,Shipped
ORD-12450,CUST-1208,2023-10-10,PROD-102,Ergonomic Office Chair,Furniture,5,249.5,1247.5,Credit Card,Shipped
ORD-12451,CUST-1287,2024-01-23,PROD-103,Mechanical Gaming Keyboard,Electronics,3,89.99,269.97,Credit Card,Shipped
ORD-12452,CUST-1535,2023-11-24,PROD-110,Espresso Coffee Machine,Home & Kitchen,4,299.99,1199.96,Bank Transfer,Returned
ORD-12453,CUST-1607,2024-03-25,PROD-110,Espresso Coffee Machine,Home & Kitchen,3,299.99,899.97,Bank Transfer,Delivered
ORD-12454,CUST-1485,2023-09-01,PROD-104,Stainless Steel Water Bottle,Home & Kitchen,2,24.99,49.98,PayPal,Shipped
ORD-12455,CUST-9006,2023-10-07,PROD-110,Espresso Coffee Machine,Home & Kitchen,2,299.99,599.98,PayPal,Delivered
ORD-12456,CUST-1001,2023-09-14,PROD-106,Standing Desk Converter,Furniture,1,179.99,179.99,PayPal,Shipped
ORD-12457,CUST-1451,2023-11-23,PROD-107,Organic Cotton Bed Sheets Set,Home & Kitchen,4,75.0,300.0,Debit Card,Delivered
ORD-12458,CUST-1121,2023-12-10,PROD-104,Stainless Steel Water Bottle,Home & Kitchen,5,24.99,124.95,Apple Pay,Delivered
ORD-12459,CUST-1724,2023-11-19,PROD-108,Fitness Smartwatch v2,Wearables,3,149.95,449.85,Bank Transfer,Delivered
ORD-12460,CUST-1081,2023-10-13,PROD-110,Espresso Coffee Machine,Home & Kitchen,2,299.99,599.98,Debit Card,Delivered
ORD-12461,CUST-1861,2023-12-23,PROD-107,Organic Cotton Bed Sheets Set,Home & Kitchen,5,75.0,375.0,Apple Pay,Returned
ORD-12462,CUST-1257,2024-01-21,PROD-111,Running Shoes Pro,Apparel,1,110.0,110.0,Apple Pay,Processing
ORD-12463,CUST-1183,2023-12-29,PROD-101,Wireless Noise-Canceling Headphones,Electronics,3,199.99,599.97,Debit Card,Delivered
ORD-12464,CUST-1219,2023-10-19,PROD-110,Espresso Coffee Machine,Home & Kitchen,5,299.99,1499.95,Apple Pay,Delivered
ORD-12465,CUST-1956,2023-10-21,PROD-112,Leather Laptop Backpack,Accessories,1,85.5,85.5,Apple Pay,Delivered
ORD-12466,CUST-1200,2023-11-19,PROD-101,Wireless Noise-Canceling Headphones,Electronics,5,199.99,999.95,Debit Card,Shipped
ORD-12467,CUST-1378,2023-09-04,PROD-105,4K Ultra HD Monitor 27-inch,Electronics,5,329.0,1645.0,Bank Transfer,Delivered
ORD-12468,CUST-1663,2023-12-11,PROD-105,4K Ultra HD Monitor 27-inch,Electronics,4,329.0,1316.0,Credit Card,Shipped
ORD-12469,CUST-9046,2024-02-08,PROD-105,4K Ultra HD Monitor 27-inch,Electronics,3,329.0,987.0,Credit Card,Delivered
ORD-12470,CUST-9002,2024-02-03,PROD-112,Leather Laptop Backpack,Accessories,4,85.5,342.0,Apple Pay,Delivered
ORD-12471,CUST-1485,2024-03-25,PROD-112,Leather Laptop Backpack,Accessories,5,85.5,427.5,Credit Card,Shipped
ORD-12472,CUST-1030,2024-02-28,PROD-110,Espresso Coffee Machine,Home & Kitchen,2,299.99,599.98,PayPal,Returned
ORD-12473,CUST-1135,2023-10-01,PROD-102,Ergonomic Office Chair,Furniture,4,249.5,998.0,Credit Card,Cancelled
ORD-12474,CUST-1728,2023-09-25,PROD-101,Wireless Noise-Canceling Headphones,Electronics,3,199.99,599.97,Bank Transfer,Delivered
ORD-12475,CUST-1874,2024-03-07,PROD-104,Stainless Steel Water Bottle,Home & Kitchen,5,24.99,124.95,Credit Card,Delivered
ORD-12476,CUST-1689,2024-01-29,PROD-106,Standing Desk Converter,Furniture,2,179.99,359.98,Debit Card,Processing
ORD-12477,CUST-1964,2023-12-16,PROD-111,Running Shoes Pro,Apparel,4,110.0,440.0,Credit Card,Shipped
ORD-12478,CUST-1845,2024-03-05,PROD-109,Portable Bluetooth Speaker,Electronics,2,59.99,119.98,Debit Card,Delivered
ORD-12479,CUST-1455,2024-02-03,PROD-101,Wireless Noise-Canceling Headphones,Electronics,3,199.99,599.97,PayPal,Shipped
ORD-12480,CUST-1420,2023-11-19,PROD-103,Mechanical Gaming Keyboard,Electronics,1,89.99,89.99,Debit Card,Delivered
ORD-12481,CUST-1121,2024-01-24,PROD-106,Standing Desk Converter,Furniture,4,179.99,719.96,Credit Card,Shipped
ORD-12482,CUST-1475,2023-09-24,PROD-102,Ergonomic Office Chair,Furniture,1,249.5,249.5,PayPal,Processing
ORD-12483,CUST-1191,2024-02-08,PROD-106,Standing Desk Converter,Furniture,5,179.99,899.95,Credit Card,Cancelled
ORD-12484,CUST-1808,2024-02-11,PROD-101,Wireless Noise-Canceling Headphones,Electronics,2,199.99,399.98,Debit Card,Shipped
ORD-12485,CUST-1899,2023-11-18,PROD-112,Leather Laptop Backpack,Accessories,2,85.5,171.0,PayPal,Delivered
ORD-12486,CUST-1756,2023-09-14,PROD-103,Mechanical Gaming Keyboard,Electronics,3,89.99,269.97,Apple Pay,Returned
ORD-12487,CUST-1183,2024-01-23,PROD-105,4K Ultra HD Monitor 27-inch,Electronics,2,329.0,658.0,Debit Card,Delivered
ORD-12488,CUST-1856,2023-10-22,PROD-104,Stainless Steel Water Bottle,Home & Kitchen,3,24.99,74.97,PayPal,Processing
ORD-12489,CUST-9017,2023-11-07,PROD-112,Leather Laptop Backpack,Accessories,4,85.5,342.0,Credit Card,Delivered
ORD-12490,CUST-1593,2024-03-16,PROD-106,Standing Desk Converter,Furniture,3,179.99,539.97,Bank Transfer,Delivered
ORD-12491,CUST-1647,2023-09-10,PROD-111,Running Shoes Pro,Apparel,2,110.0,220.0,Bank Transfer,Shipped
ORD-12492,CUST-1551,2024-02-27,PROD-110,Espresso Coffee Machine,Home & Kitchen,2,299.99,599.98,Apple Pay,Shipped
ORD-12493,CUST-1831,2023-10-24,PROD-111,Running Shoes Pro,Apparel,3,110.0,330.0,Debit Card,Delivered
ORD-12494,CUST-1516,2023-09-24,PROD-109,Portable Bluetooth Speaker,Electronics,3,59.99,179.97,Bank Transfer,Delivered
ORD-12495,CUST-1265,2023-11-06,PROD-104,Stainless Steel Water Bottle,Home & Kitchen,4,24.99,99.96,Credit Card,Delivered
ORD-12496,CUST-9034,2023-12-31,PROD-111,Running Shoes Pro,Apparel,2,110.0,220.0,PayPal,Delivered
ORD-12497,CUST-1331,2023-12-06,PROD-106,Standing Desk Converter,Furniture,5,179.99,899.95,Bank Transfer,Delivered
ORD-12498,CUST-9021,2024-02-09,PROD-112,Leather Laptop Backpack,Accessories,1,85.5,85.5,Debit Card,Processing
ORD-12499,CUST-1009,2023-12-31,PROD-103,Mechanical Gaming Keyboard,Electronics,4,89.99,359.96,Debit Card,Returned
ORD-12500,CUST-1925,2023-12-01,PROD-102,Ergonomic Office Chair,Furniture,2,249.5,499.0,Debit Card,Delivered
